Student_ID,Course_ID,Actual,Predicted,Error
40411202,40BR472,3,2.899,0.101
40311247,40BA052,5,4.3103,0.6897
40211206,40BR122,5,2.903,2.097
40511218,40B0292,5,3.5019,1.4981
40211202,40BR342,2,3.1944,1.1944
40311256,40BA122,3,4.2047,1.2047
40211109,40BA091,1,2.903,1.903
40311211,40BA062,1,2.8872,1.8872
40311211,40BA012,1,2.8824,1.8824
40211148,40BQ021,4,2.903,1.097
40211220,40BA082,4,4.3083,0.3083
40311215,40BR372,4,3.3892,0.6108
40311207,40BA222,5,3.598,1.402
40211250,40BR222,4,3.2902,0.7098
40211133,40BA121,3,2.903,0.097
40311259,40BA122,1,3.8976,2.8976
40211138,40BQ331,3,3.7885,0.7885
40211121,40BC051,3,2.2077,0.7923
40311108,40BA061,2,2.903,0.903
40211125,40BC051,4,3.5955,0.4045
40411111,40BC011,1,1.0,0.0
40211138,40B0291,2,2.903,0.903
40311155,40BA011,4,2.903,1.097
40211217,40BA102,5,3.8966,1.1034
40411202,40BA062,2,2.986,0.986
40211106,40BQ051,4,2.8004,1.1996
40511204,40B0292,5,2.4981,2.5019
40211150,40BC011,3,3.6927,0.6927
40311108,40BA141,2,3.1367,1.1367
40411129,40B0291,2,2.903,0.903
40311109,40BA011,1,2.903,1.903
40411145,40BA051,1,2.903,1.903
40211125,40BA091,1,2.903,1.903
40311226,40BR072,4,3.6007,0.3993
40211135,40BA011,4,2.903,1.097
40211217,40BA092,5,2.903,2.097
40311134,409A011,2,2.903,0.903
40211102,40BQ391,4,3.9967,0.0033
40211117,40BQ051,4,2.9802,1.0198
40311236,40BA082,4,4.1018,0.1018
40311244,40BR072,3,3.4974,0.4974
40411248,40BA012,4,3.5251,0.4749
40311246,40BA052,3,1.68,1.32
40311140,40BQ341,5,3.5901,1.4099
40411120,40BC071,4,4.3811,0.3811
40211232,40BA012,1,1.9926,0.9926
40211102,40BA151,4,2.903,1.097
40411118,40BA081,1,2.903,1.903
40211156,40BQ171,3,2.903,0.097
40211207,40BR082,5,2.903,2.097
40211113,40B9662,4,2.7973,1.2027
40311150,40B0291,3,2.903,0.097
40311127,40BA061,1,2.903,1.903
40311247,40BR372,4,4.4982,0.4982
40211129,40BA101,4,2.903,1.097
40211127,40B0291,4,2.903,1.097
40211102,40KA393,4,2.903,1.097
40211245,40BR082,3,2.903,0.097
40411163,40BA221,3,2.903,0.097
40311117,40BQ341,4,3.3105,0.6895
40311111,40BA141,2,3.0324,1.0324
40211146,40BA021,2,2.903,0.903
40311150,40BA101,1,2.903,1.903
40311216,40BR022,3,3.2036,0.2036
40411150,40BA051,1,2.903,1.903
40211126,40KA513,3,3.1849,0.1849
40211126,40KE011,3,3.2968,0.2968
40211252,40BA052,3,3.8944,0.8944
40411242,40BA222,3,2.4965,0.5035
40211162,40BA091,1,2.903,1.903
40411129,40BQ031,3,1.0,2.0
40411247,40BA052,3,3.1306,0.1306
40211158,40BC061,3,2.7101,0.2899
40211214,40BA012,4,2.3007,1.6993
40211107,40BA141,1,2.4988,1.4988
40311256,40B8932,5,4.1001,0.8999
40211252,40BA142,5,2.903,2.097
40311138,40BA081,3,2.903,0.097
40211146,40BQ051,3,2.7119,0.2881
40311235,40K0051,1,2.903,1.903
40311150,40BA021,1,2.903,1.903
40411236,40BA082,4,3.3912,0.6088
40411120,40BC011,3,4.6806,1.6806
40311254,40BA052,3,3.1362,0.1362
40411219,40B0292,5,3.5895,1.4105
40311223,40B0292,3,2.4015,0.5985
40211117,40BC021,2,3.2901,1.2901
40211229,90B2681,4,2.903,1.097
40211220,40BR042,4,4.4005,0.4005
40211209,40BR222,4,1.9004,2.0996
40333126,40BA221,1,2.903,1.903
40211105,40BC051,2,2.0955,0.0955
40211108,40BC061,5,4.1108,0.8892
40211202,40BA102,3,3.1013,0.1013
40211261,40BA022,5,3.9015,1.0985
40311128,40BA221,3,2.903,0.097
40211242,40BA102,4,4.1942,0.1942
40211250,40BA012,3,3.398,0.398
40211111,40B0291,2,2.903,0.903
40211208,433A011,1,2.903,1.903
40211156,40BQ381,4,3.7985,0.2015
40211127,40BQ321,4,4.5015,0.5015
40211109,40BC021,3,2.683,0.317
40511103,40BA051,1,2.903,1.903
40211146,40BA101,1,2.903,1.903
40211148,40BA121,4,2.903,1.097
40211230,409Z491,5,3.7095,1.2905
40211144,40BC021,1,1.6935,0.6935
40411224,40B0292,5,2.7738,2.2262
40211247,40BR042,1,3.4053,2.4053
40211113,40BQ331,1,3.0911,2.0911
40411215,40BA062,1,2.9584,1.9584
40511133,40BA011,5,2.903,2.097
40211109,40BQ391,4,3.0939,0.9061
40311205,40BA102,4,3.2046,0.7954
40211206,40BA122,3,3.7919,0.7919
40211127,40BA121,4,2.903,1.097
40311206,40BA082,4,3.0071,0.9929
40311238,40BA102,3,2.9017,0.0983
40411252,40BA222,3,1.4837,1.5163
40311217,40BA102,3,3.1908,0.1908
40311232,40BA062,1,2.8873,1.8873
40211228,409Z511,4,3.6098,0.3902
40411230,40BA062,1,2.5662,1.5662
40211113,40BA131,3,2.903,0.097
40211259,40BD052,4,3.2986,0.7014
40211132,40B0291,2,2.903,0.903
40211234,40BD032,4,3.6004,0.3996
40411133,40BA081,1,2.903,1.903
40311166,40BQ311,3,2.0,1.0
40211228,40BR032,4,2.903,1.097
40211111,40BC011,1,2.6015,1.6015
40311214,40BA052,3,2.2856,0.7144
40211264,40BD012,1,1.4941,0.4941
40211108,40BC021,4,3.9933,0.0067
40311137,40BC021,5,3.1239,1.8761
40311123,40B0291,2,2.903,0.903
40211219,40BA152,4,3.3991,0.6009
40211104,40BA121,3,2.903,0.097
40411128,40BA061,3,2.903,0.097
40511246,40BA012,4,3.9445,0.0555
40211141,40BA101,3,2.903,0.097
40311226,40BR022,3,3.4988,0.4988
40211267,40BA132,3,3.1997,0.1997
40411217,40BA062,5,3.7627,1.2373
40211242,40BA022,4,4.2889,0.2889
40411230,40BA082,2,2.4756,0.4756
40211142,40BQ021,1,2.903,1.903
40411208,40BR022,3,2.9924,0.0076
40311206,40BA222,3,2.9984,0.0016
40211237,40BA102,3,2.2052,0.7948
40211205,40B0292,5,3.6068,1.3932
40311250,40UN160,4,4.2976,0.2976
40511238,40BA052,4,5.0,1.0
40311121,40BA051,3,2.903,0.097
40211257,40BA102,1,1.7917,0.7917
40311122,40BA121,2,2.903,0.903
40411141,40BA101,1,2.903,1.903
40511209,40B0292,4,3.0,1.0
40311261,40B8932,4,3.9999,0.0001
40211117,40UN110,4,2.8974,1.1026
40311201,40BA122,5,4.8023,0.1977
40211246,40BA062,5,4.2039,0.7961
40311114,40BQ341,5,3.0846,1.9154
40311224,40BA022,1,1.1378,0.1378
40311229,40BA132,5,3.4034,1.5966
40311112,40BQ341,5,3.0215,1.9785
40211105,40BQ171,1,2.903,1.903
40311221,40BA062,1,2.5867,1.5867
40211248,40BR342,3,2.6067,0.3933
40211246,40BA082,3,4.4986,1.4986
40211105,40BA121,3,2.903,0.097
40411227,40BA052,4,3.9919,0.0081
40211262,40BD012,4,3.6989,0.3011
40411115,40BA021,2,2.903,0.903
40311121,40BA021,3,2.903,0.097
40411207,40B0292,4,2.2136,1.7864
40411140,40BQ311,2,2.0097,0.0097
40311264,4069582,2,3.0106,1.0106
40311119,40BA131,2,2.903,0.903
40411210,40BA062,3,3.6776,0.6776
40411202,40BA082,3,2.8951,0.1049
40411164,40BA101,2,2.903,0.903
40211229,40BR122,5,2.903,2.097
40511217,40B0292,4,1.5019,2.4981
40211259,40BA122,2,3.2014,1.2014
40211255,40BD032,3,2.6025,0.3975
40211142,40BA061,4,2.903,1.097
40211249,40BR042,2,3.5083,1.5083
40311148,40BC071,3,1.8571,1.1429
40311232,40BQ512,3,2.8004,0.1996
40211161,40B9651,3,2.5052,0.4948
40211209,40BA082,2,2.2022,0.2022
40311209,40B0292,1,2.0051,1.0051
40311259,40BA052,5,3.2772,1.7228
40411237,40BD012,3,1.2929,1.7071
40411219,40BA052,3,3.7865,0.7865
40211213,40BA132,1,2.5127,1.5127
40311250,40BD012,5,4.2005,0.7995
40311137,40BQ331,3,3.3886,0.3886
40511206,40BA052,4,4.4741,0.4741
40511229,40B0292,4,3.4942,0.5058
40311229,40BR072,4,3.5045,0.4955
40211234,40BA102,4,3.508,0.492
40211238,40BD012,1,2.3922,1.3922
40311211,40B0292,3,2.8061,0.1939
40311238,40BQ512,4,3.1116,0.8884
40411243,40BA012,1,2.5896,1.5896
40311129,40BQ321,2,1.8386,0.1614
40211150,40BA051,3,2.903,0.097
40411236,40BR022,4,3.3776,0.6224
40211117,40BA091,1,2.903,1.903
40411231,40BA012,1,2.4167,1.4167
40311205,40BR372,5,3.1046,1.8954
40211217,40BA052,4,4.1002,0.1002
40211146,40BA141,3,2.7093,0.2907
40411138,40BC011,1,1.3349,0.3349
40211156,40BR372,3,3.8969,0.8969
40411208,40BA052,3,2.9993,0.0007
40205303,40BR072,3,1.6017,1.3983
40411220,40BA062,2,3.3163,1.3163
40411213,40BD012,4,3.492,0.508
40211267,40BD052,1,3.3994,2.3994
40211129,40BA141,4,3.9084,0.0916
40211126,433N062,5,2.903,2.097
40211102,409U053,5,2.903,2.097
40211134,40BA061,4,2.903,1.097
40311134,40BQ321,3,2.3033,0.6967
40211203,40BA022,3,4.0757,1.0757
40211147,40BC051,1,1.7548,0.7548
40311217,40BD012,4,3.1996,0.8004
40211233,40BA152,2,1.8987,0.1013
40211137,40BQ391,2,1.8845,0.1155
40411106,40BA051,3,2.903,0.097
40311158,40UN130,5,3.2164,1.7836
40211116,40BQ021,4,2.903,1.097
40311202,40BA082,4,3.8042,0.1958
40211154,40BQ391,3,2.1003,0.8997
40311110,40B0291,3,2.903,0.097
40411150,40BC071,2,1.0,1.0
40211117,40BA131,4,2.903,1.097
40311229,40BD012,4,3.4021,0.5979
40211102,40BA081,4,2.903,1.097
40211115,40BQ021,2,2.903,0.903
40211215,40BA052,1,1.7928,0.7928
40211105,40BA151,3,2.903,0.097
40211166,40BQ371,1,2.903,1.903
40311237,40BA122,3,2.4982,0.5018
40311211,40BA132,4,2.8021,1.1979
40211225,40UN070,5,3.0,2.0
40511109,40B0291,4,2.903,1.097
40211161,40BQ051,1,2.3033,1.3033
40211118,40BC051,5,4.5943,0.4057
40411131,40BA021,1,2.903,1.903
40311122,40BA221,3,2.903,0.097
40511104,40B0291,5,2.903,2.097
40211126,40BA051,5,2.903,2.097
40211211,40BR082,3,2.903,0.097
40211262,40BA092,4,2.903,1.097
40211250,40B0292,4,3.2943,0.7057
40311233,40B8932,3,3.4012,0.4012
40311146,40BC011,1,1.6413,0.6413
40211156,40BA151,3,2.903,0.097
40211228,40BA062,3,3.7941,0.7941
40311221,40BD012,3,2.4945,0.5055
40311119,40BA011,5,2.903,2.097
40411126,40BC011,3,3.3349,0.3349
40311130,409A021,1,2.903,1.903
40211232,40BA102,1,1.9905,0.9905
40211117,40BA121,3,2.903,0.097
40411247,40BA102,2,3.2184,1.2184
40211248,40BA102,4,2.3971,1.6029
40411251,40BA022,2,2.7511,0.7511
40312142,40BA101,4,2.903,1.097
40211229,40BR082,4,2.903,1.097
40211214,40BR242,2,2.3998,0.3998
40311150,40BC011,1,1.4882,0.4882
40411102,40BQ031,5,3.3378,1.6622
40211106,40BA061,5,2.903,2.097
40211230,409Z481,4,3.9125,0.0875
40211117,40BA151,4,2.903,1.097
40211259,40BA022,4,3.39,0.61
40311259,40BA062,1,3.6968,2.6968
40411159,40BA101,3,2.903,0.097
40411115,40BA221,1,2.903,1.903
40211247,409Z481,4,3.0192,0.9808
40311260,40BR022,3,2.8971,0.1029
40411128,40BA011,1,2.903,1.903
40211146,40BA151,4,2.903,1.097
40211101,40B0291,4,2.903,1.097
40211148,40BQ171,4,2.903,1.097
40211244,40BR042,2,3.4042,1.4042
40511101,40BA011,1,2.903,1.903
40205303,40BR242,1,1.6072,0.6072
40211235,40BR042,2,2.6049,0.6049
40211126,40KA393,3,2.903,0.097
40211139,40BQ421,2,2.2081,0.2081
40211206,40BD012,3,3.7992,0.7992
40311204,40BA052,5,3.4691,1.5309
40211233,40BR242,1,2.0101,1.0101
40411125,40BA011,1,2.903,1.903
40311218,40BA132,5,2.9995,2.0005
40211137,40BC011,3,1.784,1.216
40311120,40BA021,1,2.903,1.903
40511107,40BA051,5,2.903,2.097
40311217,40BD032,2,3.3042,1.3042
40311215,40B0292,2,3.5026,1.5026
40311155,40BQ031,1,3.1198,2.1198
40211201,40BR032,3,2.903,0.097
40211134,40BQ401,4,2.903,1.097
40211208,40BA092,1,2.903,1.903
40211247,40BR032,4,2.903,1.097
40311238,40BA122,3,3.4084,0.4084
40211109,40BQ141,2,2.903,0.903
40211130,40BA081,1,2.903,1.903
40311158,40BC071,5,3.2068,1.7932
40211226,40BD032,4,3.9971,0.0029
40211266,40BA081,2,2.903,0.903
40311233,40B0292,3,3.3023,0.3023
40311136,40BA011,1,2.903,1.903
40311132,40BA121,1,2.903,1.903
40211133,40BC011,2,4.4897,2.4897
40211236,40BD012,1,1.0,0.0
40311210,40BA222,3,2.1211,0.8789
40211117,40BQ141,2,2.903,0.903
40311261,40BD032,3,3.9039,0.9039
40211225,40B9561,4,3.0105,0.9895
40211228,40BA132,3,3.7999,0.7999
40211158,40BA011,4,2.903,1.097
40211154,40BA091,1,2.903,1.903
40211137,40BA061,1,2.903,1.903
40211209,40BD032,2,2.3035,0.3035
40411227,40BA222,3,4.1033,1.1033
40311235,40BA222,1,2.5211,1.5211
40211141,40BC061,4,3.904,0.096
40211261,40BR072,5,3.8953,1.1047
40211114,40BA011,1,2.903,1.903
40411126,40BA081,4,2.903,1.097
40211229,40BA012,2,2.0724,0.0724
40311122,40BA081,4,2.903,1.097
40311109,40BA021,1,2.903,1.903
40411205,40BD012,4,2.1885,1.8115
40327247,40BC071,2,2.0,0.0
40311238,40B0292,2,2.9014,0.9014
40311238,40B8932,3,3.0013,0.0013
40411158,40BA051,2,2.903,0.903
40311243,40BA052,4,3.7756,0.2244
40411211,40BA222,2,2.7839,0.7839
40511226,40BA012,4,3.4722,0.5278
40411255,40BA222,4,4.2018,0.2018
40411212,40BD012,3,1.8987,1.1013
40211202,40B9651,4,3.2023,0.7977
40311243,40BD012,4,3.8039,0.1961
40211112,40KT142,5,3.102,1.898
40311204,40BA132,4,3.6017,0.3983
40211224,40BD012,3,1.8104,1.1896
40211113,40BA091,1,2.903,1.903
40411156,40BA021,4,2.903,1.097
40311153,40BA021,5,2.903,2.097
40211266,40BR022,2,2.4891,0.4891
40411219,40BA082,5,3.5885,1.4115
40311223,40BA122,3,2.3058,0.6942
40211116,40BQ051,4,3.3133,0.6867
40211246,40BR122,5,2.903,2.097
40311158,40BQ341,3,3.4234,0.4234
40411201,40BA062,3,3.4588,0.4588
40211126,40IN672,5,3.2985,1.7015
40211249,40B0292,4,3.4925,0.5075
40311108,40BC011,2,3.1395,1.1395
40411156,40BA011,5,2.903,2.097
40411244,40BR472,1,3.1882,2.1882
40211103,40UN050,1,2.1839,1.1839
40411242,40BA102,4,2.3675,1.6325
40411202,40BA052,4,2.7676,1.2324
40211261,40BA152,3,4.1993,1.1993
40511142,40BA051,3,2.903,0.097
40411246,40BA082,3,2.396,0.604
40211104,40UN110,4,2.9836,1.0164
40311236,40BR042,4,4.0988,0.0988
40211223,40BA132,3,4.501,1.501
40211115,40BA011,3,2.903,0.097
40211144,40BQ421,1,1.7079,0.7079
40211203,40BA102,4,4.0026,0.0026
40211257,409U163,1,1.8042,0.8042
40311113,40BA051,1,2.903,1.903
40411236,40BA012,3,3.466,0.466
40411233,40BA102,4,2.593,1.407
40311161,40BA221,1,2.903,1.903
40211153,40BR372,4,3.6988,0.3012
40411108,40BA011,4,2.903,1.097
40211115,40BC061,1,1.503,0.503
40311130,40BQ031,2,2.4549,0.4549
40211102,40B0291,2,2.903,0.903
40211205,40BR032,5,2.903,2.097
40211132,40BA081,2,2.903,0.903
40311257,40BA102,3,4.4987,1.4987
40211110,40BQ321,2,3.2968,1.2968
40411255,40BA102,4,4.2021,0.2021
40411138,40BA051,2,2.903,0.903
40311105,409A011,2,2.903,0.903
40311265,4064243,2,3.3166,1.3166
40311255,40B0292,2,1.5027,0.4973
40211104,40BA131,4,2.903,1.097
40211233,40BA092,2,2.903,0.903
40211133,40BR372,5,4.3961,0.6039
40311138,40BA011,1,2.903,1.903
40311124,40BA021,1,2.903,1.903
40211238,433A021,2,2.903,0.903
40311223,40BA222,1,2.6063,1.6063
40211161,40BA051,2,2.903,0.903
40211137,40BA091,1,2.903,1.903
40311128,40BA121,4,2.903,1.097
40411238,40BA052,2,2.8845,0.8845
40211118,40BC061,5,4.3953,0.6047
40311218,40BR042,4,2.511,1.489
40211235,40BA152,4,2.5959,1.4041
40211138,40BA051,3,2.903,0.097
40311206,40BA062,1,3.2892,2.2892
40211230,40B0292,5,3.9024,1.0976
40411209,40BA222,3,1.7094,1.2906
40311118,40BC051,3,3.712,0.712
40211224,40BR072,3,1.5992,1.4008
40311243,40BA122,4,4.1001,0.1001
40211113,40B0291,2,2.903,0.903
40211235,40BR072,4,2.4047,1.5953
40211161,40BQ331,1,2.3955,1.3955
40311253,40B0292,3,2.6026,0.3974
40211225,40BR372,4,2.7018,1.2982
40311227,40BA082,4,3.2059,0.7941
40211262,40BR082,5,2.903,2.097
40511229,40BA052,2,4.5259,2.5259
40211122,40BQ421,3,3.6091,0.6091
40411119,40BA051,1,2.903,1.903
40211202,40BA132,3,3.0993,0.0993
40211125,40BQ141,4,2.903,1.097
40411205,40BA052,2,2.3644,0.3644
40311131,40B0291,2,2.903,0.903
40311146,40BA081,2,2.903,0.903
40211245,40BR032,2,2.903,0.903
40411130,40BC071,1,3.4001,2.4001
40311135,40BA221,1,2.903,1.903
40411143,40BA051,1,2.903,1.903
40411207,40BA062,2,2.4219,0.4219
40211220,409Z481,5,4.4068,0.5932
40211205,40BA062,5,3.3135,1.6865
40211230,40BA062,4,3.5872,0.4128
40411140,40BA021,1,2.903,1.903
40511262,40BA052,3,2.5259,0.4741
40211262,40BA142,5,2.903,2.097
40311132,40BQ321,3,2.1145,0.8855
40311138,40BC021,4,2.9975,1.0025
40311151,40BA141,3,4.16,1.16
40411143,40BA221,1,2.903,1.903
40211222,40BD032,4,4.0007,0.0007
40311231,40BD032,2,3.2066,1.2066
40311205,40BD032,3,3.899,0.899
40511227,40BA052,2,4.0517,2.0517
40211152,40B0291,2,2.903,0.903
40211233,40BA142,4,2.903,1.097
40311238,40BA132,3,2.9012,0.0988
40211125,40BC011,4,3.6974,0.3026
40311219,40B0292,1,2.3987,1.3987
40311105,40BC071,2,2.2873,0.2873
40311134,40BA121,3,2.903,0.097
40311116,40B0291,2,2.903,0.903
40311157,40BA061,3,2.903,0.097
40211104,40BC051,2,3.1967,1.1967
40411149,40BC071,1,3.0,2.0
40411130,40BA102,3,2.9627,0.0373
40311214,40BD032,2,2.4098,0.4098
40411222,40BA062,1,2.15,1.15
40311108,40BA101,3,2.903,0.097
40211134,40BC021,4,3.5111,0.4889
40320324,40BC011,1,2.1685,1.1685
40311243,40BA012,3,3.9853,0.9853
40411130,40BA222,2,3.1754,1.1754
40411215,40BA052,1,2.962,1.962
40411240,40BR022,2,2.1601,0.1601
40211127,40BA131,5,2.903,2.097
40211131,40B0291,1,2.903,1.903
40211235,40BA102,4,2.4965,1.5035
40211101,40BR342,5,3.9026,1.0974
40211205,40BD012,4,3.597,0.403
40411120,40BA061,4,2.903,1.097
40311125,40B0291,3,2.903,0.097
40211150,40BC021,3,3.5043,0.5043
40311148,40BA081,3,2.903,0.097
40211219,40BA052,2,3.494,1.494
40211260,40BR122,5,2.903,2.097
40311146,40BA061,1,2.903,1.903
40511219,40BA052,3,1.0,2.0
40211150,40BC061,4,3.4878,0.5122
40211110,40BC051,2,3.4868,1.4868
40311249,40BA022,3,4.0861,1.0861
40211205,40BR042,3,3.5148,0.5148
40411104,40BC071,3,3.5737,0.5737
40211122,40BA151,4,2.903,1.097
40211106,40BA081,3,2.903,0.097
40311104,40BA141,1,2.8147,1.8147
40311229,40BA012,2,3.69,1.69
40511247,40B0292,4,4.4981,0.4981
40211208,90B2681,3,2.903,0.097
40211249,40BR122,5,2.903,2.097
40311116,40BA081,3,2.903,0.097
40311208,40BA022,4,3.6043,0.3957
40211206,40BA012,5,4.0008,0.9992
40511201,40BA012,3,3.9445,0.9445
40211116,40BA131,5,2.903,2.097
40211101,40BA081,4,2.903,1.097
40211112,40BA021,1,2.903,1.903
40211112,40BQ371,3,2.903,0.097
40211217,40BA022,5,3.904,1.096
40211220,40B0292,5,4.4006,0.5994
40311130,40BQ321,3,2.3584,0.6416
40311139,40BQ141,2,2.903,0.903
40311236,40BA102,4,4.2025,0.2025
40311245,40BA012,4,2.5973,1.4027
40511123,40BA051,1,2.903,1.903
40311114,40BA051,4,2.903,1.097
40311155,40BC051,3,2.8819,0.1181
40211239,40BR372,1,1.4966,0.4966
40211130,40BA021,1,2.903,1.903
40211133,40BA061,5,2.903,2.097
40311236,40B8932,4,4.3003,0.3003
40211106,40BA011,1,2.903,1.903
40211158,409R181,4,2.7985,1.2015
40311211,40BR372,3,2.6989,0.3011
40511118,40BA051,2,2.903,0.903
40311214,40BD012,1,2.3954,1.3954
40211110,4069211,3,3.2049,0.2049
40411246,40BA052,2,2.5016,0.5016
40211165,40BA141,2,4.1895,2.1895
40211241,40BA052,1,3.2944,2.2944
40211115,40BC021,1,1.495,0.495
40411251,40BA082,4,2.5849,1.4151
40211150,40UN080,3,3.5095,0.5095
40511125,40B0291,3,2.903,0.097
40211205,40BR322,3,3.5962,0.5962
40211127,40BQ421,5,4.497,0.503
40311241,40BA102,2,1.1991,0.8009
40211113,40BA101,2,2.903,0.903
40211252,409Z491,5,3.8083,1.1917
40311128,40BA021,4,2.903,1.097
40311150,40BA221,1,2.903,1.903
40211244,40B9561,4,3.2985,0.7015
40311227,40BA062,1,3.2041,2.2041
40211102,40BA011,4,2.903,1.097
40211102,40WN081,3,2.903,0.097
40211208,40BA152,2,1.7947,0.2053
40211248,40BR122,5,2.903,2.097
40311231,40BQ512,4,3.4005,0.5995
40411158,40BA081,3,2.903,0.097
40211163,40BA141,4,1.7622,2.2378
40311227,40B0292,2,2.9046,0.9046
40411155,40BQ031,4,1.0,3.0
40511247,40BA052,4,4.5259,0.5259
40311235,40BA102,1,2.5994,1.5994
40511233,40BA052,4,2.9483,1.0517
40311133,40BA101,2,2.903,0.903
40311245,40BD012,2,2.7032,0.7032
40211137,40BA051,3,2.903,0.097
40211262,40BA132,4,4.0027,0.0027
40211207,40BA062,4,3.6832,0.3168
40211237,40BA022,1,2.3964,1.3964
40311162,40BA021,1,2.903,1.903
40211234,40BR032,4,2.903,1.097
40411248,40BR472,1,3.7981,2.7981
40211136,40BC051,5,3.9936,1.0064
40311139,40BA141,1,2.3101,1.3101
40411158,40BA011,3,2.903,0.097
40211129,40BQ141,5,2.903,2.097
40211259,40BA152,2,3.3939,1.3939
40311258,40BD012,3,3.499,0.499
40411140,40BC071,2,2.032,0.032
40211158,40BQ371,2,2.903,0.903
40311142,40BA101,1,2.903,1.903
40211256,40BD012,5,3.802,1.198
40311217,40BA012,3,3.1791,0.1791
40411143,40BC011,1,1.6698,0.6698
40211107,40BA081,1,2.903,1.903
40311127,40BA081,2,2.903,0.903
40211148,40BQ321,3,3.4959,0.4959
40320310,40BC051,1,2.1506,1.1506
40211220,40BD052,3,4.4065,1.4065
40311162,40BQ311,1,1.5795,0.5795
40211261,40BA122,3,3.9949,0.9949
40311155,40BQ311,3,2.8817,0.1183
40211252,40BR072,4,3.8988,0.1012
40311169,40BA221,1,2.903,1.903
40411215,40BA012,3,2.7404,0.2596
40311117,40BA141,3,3.413,0.413
40311158,40BA121,1,2.903,1.903
40211209,40BA092,1,2.903,1.903
40311236,40BD032,4,4.1001,0.1001
40211153,40BQ021,5,2.903,2.097
40211151,40BA081,3,2.903,0.097
40411138,40BA021,1,2.903,1.903
40211118,40BA141,5,4.3966,0.6034
40411101,40BA011,1,2.903,1.903
40211217,40BR082,4,2.903,1.097
40311132,40BC051,1,2.341,1.341
40211226,40BD052,5,4.0928,0.9072
40211225,40B9572,4,3.1075,0.8925
40411240,40BR472,5,1.8787,3.1213
40211109,40B0291,2,2.903,0.903
40411110,40BQ311,2,1.6704,0.3296
40211241,40BA152,3,2.9011,0.0989
40311250,40BA062,1,4.5067,3.5067
40211102,40BQ421,3,4.1013,1.1013
40211108,40BA051,3,2.903,0.097
40411252,40BR472,1,1.6981,0.6981
40511256,40B0292,3,2.0038,0.9962
40311111,40BA061,4,2.903,1.097
40211114,40UN110,4,1.1077,2.8923
40511207,40BA012,2,3.9445,1.9445
40311218,40BA082,4,2.7112,1.2888
40311151,40BA021,4,2.903,1.097
40411146,40BA081,2,2.903,0.903
40311215,40BA122,2,3.9031,1.9031
40511105,40B0291,5,2.903,2.097
40211249,40BA052,3,3.6977,0.6977
40311157,40BQ321,5,3.8529,1.1471
40211225,40BD052,3,3.3174,0.3174
40211151,40BQ371,5,2.903,2.097
40211112,40BQ391,5,3.0982,1.9018
40311261,40BA012,3,4.0017,1.0017
40411254,40BA222,3,3.2931,0.2931
40211239,40BR042,1,1.3065,0.3065
40111230,40BA152,2,1.6998,0.3002
40311233,40BA022,2,3.3847,1.3847
40211266,433A021,3,2.903,0.097
40211202,40BR242,3,3.2004,0.2004
40411113,40BQ311,5,4.6745,0.3255
40211249,40BA022,4,3.4022,0.5978
40311157,40B0291,5,2.903,2.097
40211139,432N861,1,2.2962,1.2962
40311260,40BQ512,5,3.1192,1.8808
40211230,40BA152,3,3.6929,0.6929
40311158,40BQ031,2,3.5133,1.5133
40311231,40BA132,5,3.401,1.599
40211116,40IN101,4,3.2946,0.7054
40311104,40BA081,4,2.903,1.097
40411240,40BA052,1,2.257,1.257
40211217,40BR032,5,2.903,2.097
40211248,40BA022,1,2.7726,1.7726
40211257,40BR372,1,1.6964,0.6964
40211266,40BR042,2,2.4866,0.4866
40311148,40BA011,1,2.903,1.903
40411159,40BA051,2,2.903,0.903
40205303,40BD012,2,1.7871,0.2129
40411141,40BC011,1,1.3457,0.3457
40211104,40BQ371,4,2.903,1.097
40211145,40BC011,1,1.5178,0.5178
40411147,40BA061,2,2.903,0.903
40211215,40BD032,3,2.0061,0.9939
40311121,40BC011,4,3.0164,0.9836
40411256,40BA102,4,2.8848,1.1152
40411105,40BQ311,5,3.6843,1.3157
40211116,40BA051,2,2.903,0.903
40211111,40BQ381,1,2.6083,1.6083
40211106,409A012,2,2.903,0.903
40211249,40BR082,4,2.903,1.097
40211222,40BA092,4,2.903,1.097
40211123,40BA021,4,2.903,1.097
40211262,40BR042,4,3.7001,0.2999
40411228,40BA062,3,3.3731,0.3731
40211105,40BA051,3,2.903,0.097
40311158,40BA221,2,2.903,0.903
40211138,40BQ171,4,2.903,1.097
40211129,40BC021,4,3.9014,0.0986
40411218,40BR022,3,2.662,0.338
40311129,40BQ331,1,2.0158,1.0158
40211234,40BA022,3,3.2869,0.2869
40211206,40BA062,4,4.098,0.098
40211211,40BR372,3,3.4953,0.4953
40311248,40BA132,5,4.6044,0.3956
40211136,40BQ371,3,2.903,0.097
40211247,409Z501,5,3.0154,1.9846
40311250,40BA012,5,4.1966,0.8034
40311236,40BA062,4,4.199,0.199
40311216,40BR042,4,3.1018,0.8982
40311218,40B8932,4,2.8968,1.1032
40311146,40BA221,1,2.903,1.903
40211144,40BA021,4,2.903,1.097
40211248,40BD012,3,2.5915,0.4085
40211162,40BA151,4,2.903,1.097
40211203,40BA012,2,4.0842,2.0842
40311122,40BA101,4,2.903,1.097
40311155,40BC011,3,2.8889,0.1111
40211214,40BD032,3,1.8034,1.1966
40311159,40BC071,1,1.1429,0.1429
40211139,40BA081,3,2.903,0.097
40211202,40BR072,3,3.0973,0.0973
40211261,40BR222,4,3.9945,0.0055
40411134,40B0291,2,2.903,0.903
40411159,40BQ311,3,2.3352,0.6648
40411108,40BQ311,4,2.6648,1.3352
40211121,40BA121,3,2.903,0.097
40411117,40BA061,2,2.903,0.903
40411216,40BA082,1,1.1589,0.1589
40511220,40BA052,4,3.0,1.0
40205303,40BR122,2,2.903,0.903
40211165,40BQ421,4,3.7614,0.2386
40211123,40PQ041,4,3.8995,0.1005
40211263,433A021,1,2.903,1.903
40211206,40BA092,4,2.903,1.097
40411238,40BA222,2,2.875,0.875
40411254,40BA012,3,3.1809,0.1809
40211117,409A012,1,2.903,1.903
40211202,40BD012,2,3.4056,1.4056
40411145,40BA011,2,2.903,0.903
40311237,40BR042,1,2.6108,1.6108
40211134,40BC061,4,3.498,0.502
40211114,40BC021,1,1.4383,0.4383
40411213,40BA222,3,3.5783,0.5783
40211162,40UN080,4,2.7964,1.2036
40311264,4064243,2,2.9964,0.9964
40211144,40BQ331,2,1.5968,0.4032
40211207,40BR322,4,3.6955,0.3045
40211154,40BA022,2,2.1933,0.1933
40211106,40BQ171,4,2.903,1.097
40311210,40BA122,1,2.5197,1.5197
40211220,40BR082,4,2.903,1.097
40411147,40BC011,4,3.0155,0.9845
40411229,40BR022,1,2.1297,1.1297
40211130,40BQ371,3,2.903,0.097
40311227,40BD032,1,3.3028,2.3028
40411207,40BA012,3,2.3273,0.6727
40211208,40BR082,2,2.903,0.903
40311237,40BA062,3,2.494,0.506
40211105,409Q082,2,2.1936,0.1936
40411126,40BA101,3,2.903,0.097
40311131,40BQ311,3,2.1793,0.8207
40211211,40BA152,3,3.6057,0.6057
40211214,40BR372,2,2.2934,0.2934
40511118,40B0291,4,2.903,1.097
40311223,40BR042,3,2.3036,0.6964
40411247,40BA062,4,3.0255,0.9745
40511119,40B0291,5,2.903,2.097
40211222,40BA152,3,4.0985,1.0985
40411237,40B0292,1,1.4975,0.4975
40311128,40BQ141,4,2.903,1.097
40511121,40BA051,2,2.903,0.903
40311227,40BA222,2,3.3151,1.3151
40311240,40BD012,1,1.0,0.0
40311218,40BA102,4,2.9037,1.0963
40211244,40BA082,3,3.2996,0.2996
40211249,40BA152,2,3.3026,1.3026
40211237,40B0292,1,2.3005,1.3005
40511103,40B0291,2,2.903,0.903
40311211,40BR042,3,2.6063,0.3937
40311216,40BD032,2,3.4037,1.4037
40211214,40BA022,4,2.2068,1.7932
40311205,40BQ512,4,3.522,0.478
40211131,40BA081,1,2.903,1.903
40311244,40BR042,4,3.3003,0.6997
40511135,40B0291,4,2.903,1.097
40211123,40BC011,2,4.0047,2.0047
40211207,40B0292,5,3.701,1.299
40311227,40BA102,3,2.9951,0.0049
40211103,40BA141,1,2.1956,1.1956
40211111,40BA051,2,2.903,0.903
40211123,40UN080,5,3.8947,1.1053
40211201,40BA061,1,2.903,1.903
40211101,40BQ051,5,4.0012,0.9988
40411124,40BA021,1,2.903,1.903
40411122,40BA051,1,2.903,1.903
40211113,40BA151,3,2.903,0.097
40311257,40BR372,4,4.3989,0.3989
40211118,40BA121,5,2.903,2.097
40311217,40BA062,1,3.3822,2.3822
40311110,40BA061,1,2.903,1.903
40311237,40BA022,1,2.6943,1.6943
40211233,40BR032,2,2.903,0.903
40311145,40BA051,1,2.903,1.903
40211213,40BA082,3,2.3057,0.6943
40311114,40BC011,3,3.2091,0.2091
40211252,40BA102,5,3.9948,1.0052
40211215,40BA152,3,1.5015,1.4985
40211107,40BQ371,3,2.903,0.097
40411109,40BA222,1,2.765,1.765
40211137,40BA151,3,2.903,0.097
40411101,40BA021,1,2.903,1.903
40211261,409Z511,4,4.1055,0.1055
40211234,40BR122,5,2.903,2.097
40211250,40BD032,3,3.2027,0.2027
40411212,40BA022,1,2.0728,1.0728
40311161,40BA101,1,2.903,1.903
40211237,40BR032,2,2.903,0.903
40211264,40BR032,2,2.903,0.903
40411120,40BA051,3,2.903,0.097
40311137,40BA221,3,2.903,0.097
40211132,40BC011,1,2.0003,1.0003
40411221,40BA052,2,2.8632,0.8632
40411121,40B0291,1,2.903,1.903
40411147,40B0291,5,2.903,2.097
40211126,40B9662,4,3.3867,0.6133
40211229,40BR242,2,2.1092,0.1092
40211145,40BA131,2,2.903,0.903
40411102,40BA221,3,2.903,0.097
40211243,40BA012,1,1.1063,0.1063
40311235,40B0292,3,2.5035,0.4965
40311145,40BA011,1,2.903,1.903
40211164,409U403,4,4.1036,0.1036
40211264,40BA102,1,1.4925,0.4925
40311131,40BC011,1,2.5084,1.5084
40311211,40BA122,4,3.2092,0.7908
40311121,40BA131,3,2.903,0.097
40211257,40BD032,2,1.602,0.398
40411168,40BA221,1,2.903,1.903
40311238,40BD032,3,3.4016,0.4016
40311250,431A241,5,4.4958,0.5042
40211220,40BR122,5,2.903,2.097
40211107,40BR242,2,1.906,0.094
40311233,40BA082,4,3.1077,0.8923
40211158,40UN110,4,2.5973,1.4027
40411226,40BA082,1,2.6764,1.6764
40211264,40BA062,1,1.4885,0.4885
40211125,40BA011,4,2.903,1.097
40411141,40BA221,1,2.903,1.903
40211165,40BA101,4,2.903,1.097
40411126,40BA051,2,2.903,0.903
40211145,40BA051,2,2.903,0.903
40311135,40BQ321,3,2.7683,0.2317
40311122,40BQ321,4,3.039,0.961
40211151,40BC051,4,3.9996,0.0004
40411140,40BQ031,3,1.679,1.321
40211150,40BA011,3,2.903,0.097
40411131,40BA081,1,2.903,1.903
40211121,40BC021,2,2.2098,0.2098
40211148,40BA141,4,3.3889,0.6111
40320310,40BQ321,2,2.0075,0.0075
40320324,40BA221,1,2.903,1.903
40211263,409U163,1,1.703,0.703
40311155,40BA141,3,2.8694,0.1306
40211144,40BA221,1,2.903,1.903
40211154,40BR372,2,2.2004,0.2004
40211102,40BC051,4,3.9948,0.0052
40311133,40BA221,2,2.903,0.903
40311244,40BA012,3,3.4965,0.4965
40211109,40BA051,2,2.903,0.903
40211229,40BA082,2,1.9032,0.0968
40311106,40B0291,4,2.903,1.097
40211105,40B0291,1,2.903,1.903
40211151,40BA141,4,4.009,0.009
40311214,40BA062,1,2.4916,1.4916
40211241,40BA102,3,3.1925,0.1925
40211162,40BA011,2,2.903,0.903
40411257,40BA052,2,2.785,0.785
40211148,40BA091,4,2.903,1.097
40411233,40BR472,5,2.4056,2.5944
40311248,40B8932,5,4.7997,0.2003
40411250,40BA052,2,3.3914,1.3914
40211263,40BA082,2,1.7068,0.2932
40311261,40BA082,4,3.6088,0.3912
40411138,40BA011,1,2.903,1.903
40411248,40BA222,4,3.4867,0.5133
40311134,40B0291,2,2.903,0.903
40211111,40BA151,3,2.903,0.097
40211201,40BR082,3,2.903,0.097
40311261,40BA022,5,3.7763,1.2237
40411130,40BA021,2,2.903,0.903
40311218,40BR072,4,2.9078,1.0922
40211133,40BA021,4,2.903,1.097
40211161,40BA101,4,2.903,1.097
40211259,40BA092,5,2.903,2.097
40411111,40BA081,1,2.903,1.903
40211127,40BQ401,4,2.903,1.097
40211126,433Q051,2,2.903,0.903
40411240,40B0292,3,2.0834,0.9166
40211151,40BA051,3,2.903,0.097
40211150,40BQ421,4,3.4078,0.5922
40311250,40BA122,4,4.5976,0.5976
40411250,40BR472,5,3.0862,1.9138
40311201,40BA102,4,4.4891,0.4891
40211213,40BR122,4,2.903,1.097
40211164,40BA102,3,4.2178,1.2178
40411256,40BA022,3,2.9801,0.0199
40311133,40BC011,3,3.0075,0.0075
40211258,40BA012,1,1.0,0.0
40211142,409A021,1,2.903,1.903
40211105,40BC021,3,1.9795,1.0205
40211121,40BQ171,4,2.903,1.097
40211126,40BA141,3,3.499,0.499
40211201,40BR072,4,2.1998,1.8002
40311152,40BA061,1,2.903,1.903
40211136,40BA051,3,2.903,0.097
40311258,40BA022,5,3.5673,1.4327
40511155,40B0291,5,2.903,2.097
40311261,40BA132,5,3.8025,1.1975
40311201,40B8932,5,4.5008,0.4992
40311139,40BQ311,3,2.0159,0.9841
40411120,40BA011,1,2.903,1.903
40411222,40BA102,2,2.0697,0.0697
40211109,40UN110,4,3.1001,0.8999
40211207,40BA142,5,2.903,2.097
40311123,40BC011,1,1.8858,0.8858
40211244,40BR242,4,3.5062,0.4938
40311261,40B0292,2,4.0016,2.0016
40311241,40B0292,1,1.1987,0.1987
40211249,40BA102,3,3.3986,0.3986
40211228,409Z501,5,3.4101,1.5899
40333126,40BA081,3,2.903,0.097
40411253,40BA022,2,2.2932,0.2932
40411160,40BD012,4,1.8087,2.1913
40211107,40B0291,2,2.903,0.903
40211259,40BR372,4,3.5055,0.4945
40311125,40BA051,1,2.903,1.903
40311226,40BA052,4,3.4818,0.5182
40511203,40B0292,5,2.5019,2.4981
40311138,40BA101,2,2.903,0.903
40211243,40BA022,1,1.1053,0.1053
40411138,40BQ031,2,1.0,1.0
40211244,40BD032,4,3.3088,0.6912
40211243,40BA062,1,1.1054,0.1054
40411146,40BQ031,2,1.4872,0.5128
40211129,40BA051,3,2.903,0.097
40211256,40BA102,5,3.7877,1.2123
40211101,40BR372,5,4.198,0.802
40211227,40BR072,4,3.2989,0.7011
40411258,40BA102,3,2.5914,0.4086
40311106,40BQ141,3,2.903,0.097
40211220,40BQ421,4,4.3939,0.3939
40511130,40BA051,2,2.903,0.903
40211104,40BA051,4,2.903,1.097
40311250,40BA052,5,3.9867,1.0133
40311206,40BA052,5,2.7739,2.2261
40311118,40BC071,3,3.7053,0.7053
40311256,40BR372,4,4.1981,0.1981
40211162,40BQ051,4,2.8027,1.1973
40311223,40BR022,3,2.3987,0.6013
40311211,40BA102,4,2.6063,1.3937
40511250,40BA052,3,4.5259,1.5259
40511119,40BA011,4,2.903,1.097
40511149,40BA051,2,2.903,0.903
40320326,40BQ341,3,2.4963,0.5037
40311137,40BQ341,5,3.1249,1.8751
40311212,40BA122,1,2.2116,1.2116
40211220,409Z501,5,4.3037,0.6963
40320326,40BA021,1,2.903,1.903
40211127,40BA141,3,4.5023,1.5023
40411215,40BA022,2,2.8483,0.8483
40311211,40BA222,3,2.9112,0.0888
40311123,40BA061,1,2.903,1.903
40211242,40B9572,4,4.3015,0.3015
40211110,40BQ021,2,2.903,0.903
40211222,40BR342,3,4.198,1.198
40511224,40B0292,3,1.5019,1.4981
40311241,40BA082,2,1.2958,0.7042
40211268,40BA011,1,2.903,1.903
40311229,40BA052,5,3.1765,1.8235
40211147,40BA081,3,2.903,0.097
40211201,40BA022,2,2.2772,0.2772
40211101,40BC011,5,3.8898,1.1102
40211224,40BR342,3,1.702,1.298
40311162,40BA011,1,2.903,1.903
40311235,40BA012,1,2.6883,1.6883
40311201,40BA062,1,4.8036,3.8036
40211209,40BR122,1,2.903,1.903
40211145,40B0291,3,2.903,0.097
40411133,40BC011,2,2.0155,0.0155
40211123,40UN070,4,3.9981,0.0019
40211127,40BC021,5,4.5006,0.4994
40411110,40BQ031,3,1.3412,1.6588
40311235,40BR022,3,2.4993,0.5007
40211246,40BD012,4,4.4016,0.4016
40411163,40BA101,3,2.903,0.097
40320310,40BA101,1,2.903,1.903
40311106,40BA081,3,2.903,0.097
40211141,40BA091,4,2.903,1.097
40411164,40BQ311,1,1.0,0.0
40211222,40BD052,4,4.2139,0.2139
40311230,40BR022,3,2.103,0.897
40211133,40BA151,4,2.903,1.097
40211234,40BA052,3,3.4922,0.4922
40311211,40BD032,3,3.106,0.106
40311211,40BR022,2,2.7051,0.7051
40211203,40BR042,5,3.8127,1.1873
40211144,40BC011,1,1.6998,0.6998
40411237,40BR472,2,1.389,0.611
40211255,40BA152,3,2.2946,0.7054
40411146,40B0291,4,2.903,1.097
40311215,40B8932,5,3.2966,1.7034
40211101,40BA011,5,2.903,2.097
40211145,409U053,2,2.903,0.903
40411111,40BA011,3,2.903,0.097
40211113,40BQ171,3,2.903,0.097
40411120,40BA101,4,2.903,1.097
40311209,40BA052,2,1.9841,0.0159
40211239,40BA142,3,2.903,0.097
40211129,40BQ371,3,2.903,0.097
40211109,40BQ381,1,3.2765,2.2765
40211102,40KE011,4,4.0955,0.0955
40211122,40BC021,4,3.5193,0.4807
40411244,40BR022,4,2.8811,1.1189
40311155,40BA081,2,2.903,0.903
40211130,40BA131,2,2.903,0.903
40211110,40B9662,5,3.4033,1.5967
40311129,40BA141,3,1.6743,1.3257
40411205,40BR472,2,2.3857,0.3857
40311219,40BA222,3,2.22,0.78
40320324,40BQ311,3,1.887,1.113
40211102,40BA141,4,3.9926,0.0074
40211141,40BA141,4,4.097,0.097
40311133,40BQ341,5,2.7836,2.2164
40411263,40BA102,1,1.0,0.0
40411243,40BA062,4,2.2697,1.7303
40211161,409A013,1,2.903,1.903
40311249,40BA222,4,4.0037,0.0037
40311232,40BR042,3,2.692,0.308
40211122,432N442,3,3.6133,0.6133
40311211,40BD012,3,2.6959,0.3041
40311109,40B0291,1,2.903,1.903
40111256,40B9651,2,3.0423,1.0423
40311151,40BC011,3,4.1568,1.1568
40311116,40BA051,1,2.903,1.903
40211256,40BA022,5,3.77,1.23
40211206,40BA152,3,3.8004,0.8004
40511143,40BA051,4,2.903,1.097
40211245,40BR072,3,2.7979,0.2021
40511111,40B0291,3,2.903,0.097
40211227,40BA132,5,3.2056,1.7944
40320310,40BA221,1,2.903,1.903
40211228,40BA082,3,3.8061,0.8061
40211222,40BA052,2,4.307,2.307
40411211,40BA012,2,2.8078,0.8078
40311258,40BA102,3,3.5787,0.5787
40211217,40B9561,4,3.6972,0.3028
40211242,40BD052,4,4.3075,0.3075
40211117,40BQ371,4,2.903,1.097
40511211,40B0292,4,3.0,1.0
40311231,40BA052,3,3.2878,0.2878
40511226,40B0292,4,3.4981,0.5019
40211247,409Z511,3,3.0204,0.0204
40211203,40BR222,4,4.0035,0.0035
40211144,40BA061,4,2.903,1.097
40311236,40BA012,5,4.098,0.902
40411237,40BR022,1,1.4847,0.4847
40311111,40BA021,2,2.903,0.903
40211105,40BA061,4,2.903,1.097
40411256,40BA012,3,2.9799,0.0201
40211245,40BA142,3,2.903,0.097
40511211,40BA052,3,3.4741,0.4741
40211133,40BA141,4,4.5011,0.5011
40211144,40BA081,2,2.903,0.903
40211114,40BQ321,1,1.4471,0.4471
40311205,40BD012,5,2.8096,2.1904
40411212,40BA012,1,2.0712,1.0712
40211202,40BR322,3,3.4041,0.4041
40411243,40BR472,1,2.6164,1.6164
40211105,40BR242,4,1.9024,2.0976
40511210,40BA012,2,2.9445,0.9445
40411213,40BA012,4,3.4786,0.5214
40211237,40BD032,4,2.6028,1.3972
40311230,40BR042,2,2.2049,0.2049
40511238,40BA012,5,4.4722,0.5278
40411246,40BR022,4,2.2999,1.7001
40411151,40BA021,3,2.903,0.097
40311155,40BC071,3,2.87,0.13
40311244,40BR022,3,3.3956,0.3956
40311209,40BA222,2,1.9061,0.0939
40211242,40UN160,3,4.2995,1.2995
40411215,40BD012,3,2.7653,0.2347
40211118,40BA051,4,2.903,1.097
40211129,40KE011,3,4.004,1.004
40211108,409Z481,5,4.0078,0.9922
40311229,40BA122,3,3.8089,0.8089
40211216,40BR072,5,3.6007,1.3993
40211144,40BQ401,1,2.903,1.903
40311202,40BA012,2,3.894,1.894
40211209,40BA122,3,2.0933,0.9067
40411134,40BA061,1,2.903,1.903
40211238,40BA012,1,2.7735,1.7735
40211108,409Z501,5,4.0101,0.9899
40311110,40BA011,2,2.903,0.903
40411140,40BA011,1,2.903,1.903
40311106,40BA051,3,2.903,0.097
40311141,40BA051,1,2.903,1.903
40511125,40BA011,1,2.903,1.903
40211207,40B9572,4,3.6051,0.3949
40511130,40B0291,4,2.903,1.097
40311113,40BA081,2,2.903,0.903
40411215,40BA082,2,2.8844,0.8844
40211126,40BC061,1,3.4927,2.4927
40311208,40BA062,4,3.5993,0.4007
40211153,40BC061,4,3.5969,0.4031
40211132,40BQ371,2,2.903,0.903
40211232,40BA022,1,1.9877,0.9877
40411104,40BC011,2,4.0237,2.0237
40211104,40BQ421,2,3.2013,1.2013
40211211,40BA132,3,3.7064,0.7064
40311202,40B8932,3,3.9019,0.9019
40311207,40B8932,4,3.8005,0.1995
40411240,40BA102,4,1.9727,2.0273
40211123,40BC051,4,3.8944,0.1056
40411252,40BA102,2,1.5836,0.4164
40311139,40BA011,1,2.903,1.903
40211241,40BA012,4,3.1795,0.8205
40311105,40BA051,1,2.903,1.903
40211103,40BA131,3,2.903,0.097
40411122,40BA061,1,2.903,1.903
40211226,40BR072,4,4.1929,0.1929
40211231,40BA052,1,1.1572,0.1572
40411241,40BD012,4,1.4905,2.5095
40211223,40BR032,4,2.903,1.097
40311233,40BR372,4,3.1009,0.8991
40205303,40BA102,1,1.801,0.801
40211118,40B9662,5,4.4023,0.5977
40411130,409A013,1,2.903,1.903
40211109,40B9662,4,3.1027,0.8973
40312142,40BA221,3,2.903,0.097
40411212,40BA102,4,1.7918,2.2082
40211133,40BQ321,4,4.4989,0.4989
40411205,409A013,1,2.903,1.903
40211247,40BA122,3,3.4038,0.4038
40511255,40BA052,4,4.4741,0.4741
40211141,40BQ171,4,2.903,1.097
40411150,40BA061,1,2.903,1.903
40411207,40BA222,1,2.4936,1.4936
40311159,40BA011,1,2.903,1.903
40211244,40BA132,2,3.104,1.104
40211223,40BA022,5,4.1056,0.8944
40311140,40BQ141,5,2.903,2.097
40311212,40BA022,1,2.3297,1.3297
40211113,40BQ021,1,2.903,1.903
40311116,40BA011,2,2.903,0.903
40411111,40BC071,1,1.0,0.0
40311140,40BC021,5,3.5738,1.4262
40211216,40BR322,5,3.598,1.402
40211228,40BA102,4,3.6962,0.3038
40311240,40BA052,1,1.0,0.0
40411251,40BA012,1,2.8608,1.8608
40211206,40BA052,3,4.0106,1.0106
40311155,40BA221,2,2.903,0.903
40311224,40BR022,1,1.1456,0.1456
40411213,40B0292,4,3.4896,0.5104
40211267,40BA152,3,3.3223,0.3223
40311213,40BA012,1,2.5833,1.5833
40211103,40BA011,1,2.903,1.903
40211121,40BA141,3,2.2064,0.7936
40411236,40BA222,4,3.3951,0.6049
40211223,40BR042,4,4.4003,0.4003
40411244,40BD012,4,2.9071,1.0929
40211259,40BA082,1,3.4063,2.4063
40311134,40BA061,1,2.903,1.903
40211151,40PQ041,4,4.0036,0.0036
40511111,40BA051,1,2.903,1.903
40411225,40BA052,2,2.5744,0.5744
40211224,40BD052,1,1.7956,0.7956
40211236,40BA052,1,1.0,0.0
40211163,40BC061,1,2.4977,1.4977
40511202,40B0292,5,4.4981,0.5019
40411246,40BA102,3,2.3997,0.6003
40211117,40BQ171,1,2.903,1.903
40311146,40BQ311,1,1.6386,0.6386
40411146,40BC011,2,1.5118,0.4882
40311104,40BA221,1,2.903,1.903
40311202,40BA122,4,3.9135,0.0865
40211216,409Z501,5,3.6189,1.3811
40211103,40BC051,2,2.0185,0.0185
40411238,40BA102,4,2.6933,1.3067
40311131,40BA141,1,2.5245,1.5245
40211244,40BR372,4,3.2985,0.7015
40311243,40BR072,4,3.8985,0.1015
40211220,40BA152,4,4.3992,0.3992
40311140,40BC011,2,4.0158,2.0158
40411209,40BR022,2,1.7962,0.2038
40311219,40BR022,3,2.2111,0.7889
40311139,40BA131,1,2.903,1.903
40211132,40KN633,4,1.6916,2.3084
40211147,40BQ321,2,1.6369,0.3631
40411241,40BA022,1,1.7799,0.7799
40211223,40BA092,5,2.903,2.097
40411127,40BQ031,5,1.7479,3.2521
40411159,40BQ031,3,2.3412,0.6588
40411221,40BR472,5,2.5769,2.4231
40211242,40BA092,5,2.903,2.097
40411105,40BA051,3,2.903,0.097
40211112,40BA091,1,2.903,1.903
40211165,40BA151,3,2.903,0.097
40311157,40BC021,4,3.9997,0.0003
40311211,40K0051,2,2.903,0.903
40411101,40BR472,4,3.4004,0.5996
40411258,40BA082,3,2.4904,0.5096
40211115,40BA131,2,2.903,0.903
40411244,40BA102,3,2.9969,0.0031
40211123,40BA091,2,2.903,0.903
40211219,40BA012,4,3.2894,0.7106
40311260,40BD012,4,2.7093,1.2907
40211141,40BQ021,4,2.903,1.097
40211132,40BC051,1,1.9905,0.9905
40211252,40BA082,3,4.1022,1.1022
40411115,40BA061,1,2.903,1.903
40211136,40BA021,5,2.903,2.097
40211213,40BR222,4,2.0916,1.9084
40211208,40BA221,2,2.903,0.903
40211225,40BR122,5,2.903,2.097
40311108,40BA121,1,2.903,1.903
40211252,409D021,3,3.9012,0.9012
40211248,40BA062,2,2.7675,0.7675
40311204,40BA082,5,3.507,1.493
40211263,40BA132,2,1.8053,0.1947
40311212,40BA132,2,2.2155,0.2155
40211225,40BA142,4,2.903,1.097
40211209,40BA012,1,2.173,1.173
40211207,40BR072,5,3.4015,1.5985
40211215,40BR032,1,2.903,1.903
40311135,40BA051,3,2.903,0.097
40311212,40BA012,1,2.3271,1.3271
40411258,40BD012,4,2.486,1.514
40211157,40BA091,1,2.903,1.903
40320326,40BC011,1,2.7674,1.7674
40211156,40BA101,3,2.903,0.097
40211224,40BA142,3,2.903,0.097
40311113,40B0291,1,2.903,1.903
40311224,40BA062,1,1.1378,0.1378
40311230,40BR372,3,2.1973,0.8027
40411257,40B0292,4,2.3979,1.6021
40411167,40BA221,2,2.903,0.903
40211141,40B9651,4,4.0031,0.0031
40211229,433A021,1,2.903,1.903
40311208,40BR072,3,3.6939,0.6939
40211135,40BA081,2,2.903,0.903
40311214,40BA022,1,2.3895,1.3895
40411164,40BC011,1,1.0,0.0
40211103,40B0291,2,2.903,0.903
40211220,40BA102,5,4.2963,0.7037
40411217,40BD012,5,3.7834,1.2166
40311210,409A011,1,2.903,1.903
40211203,40BD012,5,3.8022,1.1978
40211136,40BA151,4,2.903,1.097
40211115,40BA081,2,2.903,0.903
40411215,40BA222,3,2.7857,0.2143
40211246,40BA092,5,2.903,2.097
40311123,40BQ031,2,1.7838,0.2162
40411117,40BA101,1,2.903,1.903
40411101,40BA102,3,3.5759,0.5759
40311206,40BA122,2,3.5103,1.5103
40411160,40BA021,3,2.903,0.097
40211109,40BQ371,4,2.903,1.097
40211139,40BA091,1,2.903,1.903
40311173,40BQ341,4,1.338,2.662
40411148,40BA061,5,2.903,2.097
40211164,40BA121,3,2.903,0.097
40311232,40BA222,2,2.401,0.401
40311122,40BQ031,2,3.267,1.267
40211146,40B0291,2,2.903,0.903
40511235,40BA012,1,3.4722,2.4722
40211207,40BA082,3,3.7027,0.7027
40320310,40BC021,3,1.8644,1.1356
40411254,40BA082,3,3.2867,0.2867
40211230,40BD012,3,3.6029,0.6029
40511219,40BA012,1,2.0555,1.0555
40211224,40BR122,2,2.903,0.903
40211249,40BR222,5,3.299,1.701
40311129,40BA051,1,2.903,1.903
40311142,40BA051,1,2.903,1.903
40311237,40BA132,1,2.6044,1.6044
40211146,40UN080,2,2.8115,0.8115
40211257,40BA082,3,1.6116,1.3884
40211136,40BA081,4,2.903,1.097
40211246,40BR372,4,4.1087,0.1087
40311233,40BQ512,4,3.3027,0.6973
40511205,40BA012,5,4.4722,0.5278
40311207,40BR072,3,3.8005,0.8005
40311130,40BA221,1,2.903,1.903
40311105,40BA221,1,2.903,1.903
40211256,40BA082,4,3.6049,0.3951
40211141,40BA121,4,2.903,1.097
40211122,40BC061,3,3.5974,0.5974
40312142,40BA061,1,2.903,1.903
40411117,40BA081,1,2.903,1.903
40511138,40B0291,3,2.903,0.097
40111230,40BA142,1,2.903,1.903
40311259,40BA132,4,3.4017,0.5983
40211146,40BQ321,3,2.7145,0.2855
40211102,40BA131,5,2.903,2.097
40311137,40BA051,3,2.903,0.097
40311123,40BQ321,2,1.78,0.22
40311131,40BC051,3,2.1858,0.8142
40211230,40BA132,3,4.0032,1.0032
40311255,40BA052,2,1.4875,0.5125
40411118,40BA021,1,2.903,1.903
40411211,40BR472,1,2.89,1.89
40211134,40IN662,3,3.8145,0.8145
40311132,40BQ331,1,2.3543,1.3543
40211223,40BA052,5,4.2033,0.7967
40211135,40B0291,3,2.903,0.097
40311111,40BC021,4,2.6745,1.3255
40511151,40BA011,3,2.903,0.097
40211242,40BA122,5,4.3084,0.6916
40411213,40BA102,4,3.4776,0.5224
40211116,40BQ331,3,3.4044,0.4044
40311157,40BC071,5,3.867,1.133
40211129,40BA131,5,2.903,2.097
40311134,40BA021,1,2.903,1.903
40211115,40BQ331,1,1.5022,0.5022
40211208,40BA012,1,1.7809,0.7809
40311119,40BA061,2,2.903,0.903
40511233,40B0292,4,3.0038,0.9962
40211217,40BR242,4,3.9981,0.0019
40211249,40BD052,3,3.595,0.595
40411256,40BA222,3,2.9817,0.0183
40211217,40BA082,3,3.8063,0.8063
40211209,40BR372,4,1.7963,2.2037
40311237,40BA082,4,2.4952,1.5048
40311122,40BA021,4,2.903,1.097
40211137,40BA101,2,2.903,0.903
40211141,40BA021,5,2.903,2.097
40311138,40BC011,1,3.3806,2.3806
40411237,40BA022,1,1.4843,0.4843
40411127,40BA021,2,2.903,0.903
40211151,40UN070,4,3.9996,0.0004
40211237,40BA132,1,2.4027,1.4027
40311118,40BC011,3,3.7163,0.7163
40211129,40KA393,5,2.903,2.097
40311137,40BC071,4,3.2626,0.7374
40211126,40BA121,3,2.903,0.097
40511201,40B0292,5,3.0,2.0
40311260,40BA021,2,2.903,0.903
40311266,40BQ512,3,2.3174,0.6826
40211106,40BQ391,4,2.7924,1.2076
40211219,40BA022,4,3.1902,0.8098
40411114,40BA051,3,2.903,0.097
40411225,40B0292,4,2.1981,1.8019
40211125,40BQ391,4,3.5951,0.4049
40511225,40BA052,4,3.5259,0.4741
40211147,40BA121,1,2.903,1.903
40311258,40BR042,5,3.4951,1.5049
40411210,40B0292,4,3.5927,0.4073
40211241,40BA092,4,2.903,1.097
40211242,40BA012,4,4.2896,0.2896
40311254,40BA012,3,3.1149,0.1149
40411151,40BC071,4,3.0,1.0
40311216,40BA102,3,3.203,0.203
40211134,40BQ021,3,2.903,0.097
40311111,40BA101,2,2.903,0.903
40211165,40BA131,2,2.903,0.903
40311226,40BD012,4,3.5994,0.4006
40211138,40BA151,5,2.903,2.097
40411152,40BA021,2,2.903,0.903
40211215,40BR042,1,1.8094,0.8094
40411258,40BR022,3,2.396,0.604
40511252,40B0292,2,3.4981,1.4981
40311216,40BR372,4,3.1007,0.8993
40211250,40BA082,4,3.1936,0.8064
40411109,40BD012,5,2.0017,2.9983
40211252,40BR042,4,3.8069,0.1931
40311157,40BQ141,4,2.903,1.097
40411166,40BA221,3,2.903,0.097
40311114,40BC021,4,3.2097,0.7903
40211132,40BQ381,1,1.9868,0.9868
40211250,40BA122,3,3.3028,0.3028
40411147,40BQ031,4,2.9832,1.0168
40311114,40BA061,4,2.903,1.097
40211109,40BA081,2,2.903,0.903
40311135,40BA101,5,2.903,2.097
40211111,40BC021,2,2.4913,0.4913
40311159,40BA061,1,2.903,1.903
40411141,40BA021,1,2.903,1.903
40411248,40BA052,4,3.523,0.477
40311157,40BA051,2,2.903,0.903
40411258,40MN111,1,2.7949,1.7949
40211233,433A012,1,2.903,1.903
40411252,40BD012,2,1.5852,0.4148
40211130,40BQ401,2,2.903,0.903
40211164,40BA141,5,3.993,1.007
40211207,40BA152,4,3.3035,0.6965
40211202,40BA122,2,3.1947,1.1947
40211263,40BA152,1,1.7985,0.7985
40311123,40BA101,1,2.903,1.903
40411152,40BA221,2,2.903,0.903
40311232,40BA082,3,2.6045,0.3955
40211231,40BA062,1,1.1554,0.1554
40211127,40B9651,5,4.3113,0.6887
40311211,40BR072,4,2.6094,1.3906
40211226,40BA012,5,4.0153,0.9847
40211216,40BA102,4,3.6928,0.3072
40211231,40B0292,2,1.0,1.0
40411147,40BA021,4,2.903,1.097
40311206,40BA102,4,3.012,0.988
40211202,40BR222,4,3.1966,0.8034
40211106,40BQ371,4,2.903,1.097
40311206,40BA012,2,3.1829,1.1829
40311248,40BR042,5,4.6959,0.3041
40211123,40BA061,4,2.903,1.097
40211211,40BA142,4,2.903,1.097
40311233,40BA052,5,2.9824,2.0176
40411228,40BA012,3,3.3634,0.3634
40311233,40BR022,3,3.2036,0.2036
40311112,40BQ311,4,3.1412,0.8588
40511262,40B0292,2,3.0,1.0
40211103,40BA101,1,2.903,1.903
40311208,40BR022,3,3.6981,0.6981
40411244,40BA082,3,2.9867,0.0133
40411157,40B0291,3,2.903,0.097
40411125,40BA051,1,2.903,1.903
40211116,40BC011,2,3.1967,1.1967
40311104,40BA011,1,2.903,1.903
40511128,40BA051,1,2.903,1.903
40211235,40BA062,2,2.5767,0.5767
40511104,40BA051,4,2.903,1.097
40411126,40BA061,1,2.903,1.903
40211106,40BC011,1,2.8939,1.8939
40211238,40BD032,3,3.0176,0.0176
40211139,40BA131,4,2.903,1.097
40211161,409A023,1,2.903,1.903
40411130,40BA061,1,2.903,1.903
40411238,40BD012,4,2.6962,1.3038
40311255,40BA012,2,1.4875,0.5125
40411222,40BA012,1,2.1539,1.1539
40311120,40B0291,3,2.903,0.097
40211244,40B9662,3,3.5016,0.5016
40311208,40BA122,3,3.3979,0.3979
40211250,40BA132,2,3.3,1.3
40311117,40BC011,2,3.5188,1.5188
40211245,40BD032,3,2.9017,0.0983
40311245,40BR372,2,2.6974,0.6974
40411104,40BA051,3,2.903,0.097
40211250,40BR032,4,2.903,1.097
40211102,40BQ021,5,2.903,2.097
40311236,40BA022,4,4.2051,0.2051
40411101,409A013,1,2.903,1.903
40511259,40B0292,4,2.0,2.0
40511112,40BA051,1,2.903,1.903
40211222,40BR072,5,4.093,0.907
40311129,40BA021,1,2.903,1.903
40411220,40BR472,3,3.2108,0.2108
40211113,40KT142,4,2.7955,1.2045
40511218,40BA052,4,3.9483,0.0517
40211113,40BQ371,4,2.903,1.097
40311235,40BD032,2,2.7123,0.7123
40511252,40BA052,3,3.0517,0.0517
40211108,409Z491,5,4.0074,0.9926
40411229,40BA052,3,1.7951,1.2049
40311116,40BQ321,3,2.1588,0.8412
40411248,40BA062,4,3.5266,0.4734
40411148,40BC071,5,5.0,0.0
40211107,40BA151,3,2.903,0.097
40211246,40B9561,4,4.2963,0.2963
40211248,40BR372,3,2.69,0.31
40211228,40RR072,2,3.7042,1.7042
40311105,40BQ031,1,2.4304,1.4304
40211153,40BC011,2,3.783,1.783
40511122,40B0291,2,2.903,0.903
40211202,40BR032,2,2.903,0.903
40311132,40BA131,2,2.903,0.903
40311120,40BA141,3,2.3074,0.6926
40311129,40BA061,2,2.903,0.903
40311104,40BQ331,3,2.6051,0.3949
40311162,40BA061,1,2.903,1.903
40205303,40BR042,1,1.509,0.509
40311104,40BA061,2,2.903,0.903
40211162,40BC011,3,2.8953,0.1047
40411153,40B0291,4,2.903,1.097
40411159,40BA061,3,2.903,0.097
40311245,40BA052,2,2.8009,0.8009
40211164,40BQ371,4,2.903,1.097
40311115,40BA051,1,2.903,1.903
40411110,40BA051,2,2.903,0.903
40311202,40BA052,5,3.5864,1.4136
40411166,40BQ311,2,1.0,1.0
40311161,40BC011,2,1.3349,0.6651
40311253,40BR372,4,2.4994,1.5006
40211216,40BD052,5,4.1009,0.8991
40411219,40BA222,4,3.7121,0.2879
40411214,40BA082,3,2.1543,0.8457
40311104,40BQ341,3,2.6055,0.3945
40211101,40BA141,5,4.1955,0.8045
40411126,40BA021,2,2.903,0.903
40311257,40B8932,5,4.3012,0.6988
40311108,40BQ331,3,3.0102,0.0102
40211103,40BA051,4,2.903,1.097
40211215,40BA012,1,1.8817,0.8817
40211103,40BA061,4,2.903,1.097
40411127,40BA012,1,2.7527,1.7527
40411130,40BR472,3,2.9731,0.0269
40211118,40BA011,3,2.903,0.097
40311207,40BR372,5,3.5933,1.4067
40211129,40BA021,4,2.903,1.097
40211244,40BA012,3,3.1941,0.1941
40511226,40BA052,3,4.0,1.0
40311169,40BC011,1,1.0,0.0
40411105,40BC071,4,4.0717,0.0717
40411113,40BC071,5,4.6906,0.3094
40411111,40BA051,3,2.903,0.097
40311120,40BQ141,4,2.903,1.097
40511142,40BA011,3,2.903,0.097
40211101,40BC051,3,4.0969,1.0969
40411253,40B0292,3,2.1615,0.8385
40511258,40BA052,2,1.4741,0.5259
40311245,40BR042,3,2.6991,0.3009
40311146,40BQ331,1,1.6365,0.6365
40211257,40BR032,1,2.903,1.903
40411133,40BC071,1,2.3414,1.3414
40411236,40BD012,4,3.3756,0.6244
40411233,40BQ311,3,2.48,0.52
40211209,40BA221,1,2.903,1.903
40211127,40BA021,3,2.903,0.097
40311221,40BQ512,3,2.4987,0.5013
40211206,409Z501,5,3.7022,1.2978
40211109,40BA121,2,2.903,0.903
40211162,40BC051,3,2.9103,0.0897
40211204,40BA052,1,1.0,0.0
40411138,40BA081,1,2.903,1.903
40211230,40BA012,4,3.7827,0.2173
40511219,40B0292,1,2.0038,1.0038
40320326,40BA131,3,2.903,0.097
40211242,40BR082,5,2.903,2.097
40211136,40BA121,4,2.903,1.097
40211121,40BQ021,2,2.903,0.903
40311210,40BR072,3,2.113,0.887
40311138,40BA221,1,2.903,1.903
40211259,409D021,2,3.6967,1.6967
40311256,40BA082,4,4.2924,0.2924
40211122,40BQ171,4,2.903,1.097
40211150,40BA091,1,2.903,1.903
40311155,40BQ321,3,2.8792,0.1208
40411259,40BA012,1,3.4722,2.4722
40411110,40BC011,1,2.0155,1.0155
40211235,40BD032,4,2.7009,1.2991
40211123,40BA051,3,2.903,0.097
40211256,40BR032,5,2.903,2.097
40211219,40B0292,4,3.2986,0.7014
40511117,40B0291,4,2.903,1.097
40211117,40BC061,3,3.2173,0.2173
40211257,40BD012,3,1.5979,1.4021
40211249,40BA062,3,3.5998,0.5998
40111256,40BR222,1,3.3258,2.3258
40211161,40BC021,4,2.3951,1.6049
40211101,40BA091,4,2.903,1.097
40211255,433A012,1,2.903,1.903
40311242,40B0292,2,1.4981,0.5019
40311157,40BA101,5,2.903,2.097
40205303,433A021,1,2.903,1.903
40511224,40BA052,2,1.9483,0.0517
40211247,40BA142,4,2.903,1.097
40211252,40BA152,3,3.6973,0.6973
40311153,40BQ311,3,4.0086,1.0086
40311260,40B8932,5,2.8973,2.1027
40511105,40BA011,3,2.903,0.097
40211129,40IN041,5,3.8052,1.1948
40511141,40B0291,4,2.903,1.097
40211133,40BQ371,4,2.903,1.097
40211215,40BR322,2,1.8013,0.1987
40211234,40BR322,4,3.6057,0.3943
40320310,40BA131,2,2.903,0.903
40311130,40BC051,3,2.3434,0.6566
40211152,40BA011,1,2.903,1.903
40311231,40BR042,4,3.1957,0.8043
40211243,40B0292,2,1.0,1.0
40411244,40BA222,3,2.9789,0.0211
40211110,40UN120,5,3.401,1.599
40411128,40BA051,3,2.903,0.097
40311137,40BA121,4,2.903,1.097
40211257,40BR242,1,1.702,0.702
40411127,40B0291,5,2.903,2.097
40311134,40BC071,2,2.4334,0.4334
40411141,40BQ031,1,1.3412,0.3412
40211238,433A012,2,2.903,0.903
40311152,40BA081,4,2.903,1.097
40211123,40BA081,4,2.903,1.097
40211112,40BA061,4,2.903,1.097
40411251,40BA222,3,2.6993,0.3007
40211247,40BA132,2,3.3078,1.3078
40311241,40BA052,1,1.2955,0.2955
40311133,40BQ141,5,2.903,2.097
40211232,40B0292,1,1.9994,0.9994
40211201,40BA012,2,2.2824,0.2824
40411222,40BR472,3,1.9931,1.0069
40211110,40B0291,2,2.903,0.903
40211249,40BA132,3,3.6039,0.6039
40211147,40BQ031,1,1.7518,0.7518
40411258,40BR472,3,2.4087,0.5913
40311119,40BA121,2,2.903,0.903
40211256,40BA092,5,2.903,2.097
40211109,40BC061,4,3.2915,0.7085
40311253,40BD012,3,2.5946,0.4054
40311106,40BA141,2,3.3547,1.3547
40411134,40BA081,2,2.903,0.903
40211209,40BD012,3,1.9963,1.0037
40311130,40BA081,2,2.903,0.903
40311221,40BR372,2,2.4934,0.4934
40311140,40BA081,4,2.903,1.097
40211246,40BR222,5,4.3001,0.6999
40211139,40BQ371,4,2.903,1.097
40211113,40BC011,2,3.003,1.003
40311153,40BA081,4,2.903,1.097
40211105,40BA021,2,2.903,0.903
40211153,40BA121,3,2.903,0.097
40311230,40BA222,2,2.4035,0.4035
40311229,40BA022,3,3.571,0.571
40211239,40BA132,1,1.6063,0.6063
40411219,40BR472,4,3.7121,0.2879
40211137,40BA131,3,2.903,0.097
40211108,40BA091,2,2.903,0.903
40211263,40BD052,1,1.8058,0.8058
40327247,40BA021,1,2.903,1.903
40320326,40BC021,5,2.2561,2.7439
40211118,40BA151,5,2.903,2.097
40211128,40B0291,2,2.903,0.903
40211217,40BR322,4,4.0946,0.0946
40211133,40BA051,3,2.903,0.097
40311253,40BA102,3,2.5998,0.4002
40411160,40BC071,1,2.4286,1.4286
40211115,40BQ371,1,2.903,1.903
40211229,40BR342,4,1.8058,2.1942
40311245,40B8932,3,2.6994,0.3006
40333126,40BQ311,1,1.0,0.0
40211241,40BR072,5,2.9992,2.0008
40211229,40BA122,1,1.803,0.803
40411124,40BA101,1,2.903,1.903
40311113,40BA061,1,2.903,1.903
40211205,40BD052,3,3.4963,0.4963
40211146,40BQ381,3,2.715,0.285
40211201,40BR372,2,2.1989,0.1989
40411230,40BD012,4,2.2795,1.7205
40211216,40BA082,4,3.8067,0.1933
40511217,40BA052,2,2.4224,0.4224
40311107,40BA121,4,2.903,1.097
40311135,40BQ311,3,2.7682,0.2318
40211121,40BQ371,3,2.903,0.097
40411215,40BA102,4,2.6648,1.3352
40511210,40B0292,4,2.0,2.0
40211158,40BA022,2,2.7976,0.7976
40311104,40BC071,4,2.5059,1.4941
40311215,40BR072,4,3.398,0.602
40411101,40BQ031,5,3.1845,1.8155
40411240,40BA222,1,2.287,1.287
40311143,40BA011,1,2.903,1.903
40211255,433A021,2,2.903,0.903
40211225,40BR222,3,2.9093,0.0907
40211226,40B9572,4,3.998,0.002
40311249,40BR372,4,4.0043,0.0043
40311204,40BA222,4,3.7088,0.2912
40211115,40BQ321,1,1.4991,0.4991
40211201,409Q072,4,2.903,1.097
40211201,430R063,4,2.4992,1.5008
40211126,40BA021,2,2.903,0.903
40211113,40BA021,2,2.903,0.903
40211213,40BR322,3,2.1021,0.8979
40411242,40BD012,3,2.4582,0.5418
40311216,40BR072,3,3.3064,0.3064
40211102,40BA121,3,2.903,0.097
40311160,40BA021,1,2.903,1.903
40411128,40BQ311,2,2.6704,0.6704
40311121,40BQ031,1,3.3741,2.3741
40311202,40BA132,4,3.7985,0.2015
40311229,40BR372,4,3.3981,0.6019
40211230,40BD052,4,3.9007,0.0993
40411149,40BA011,5,2.903,2.097
40211237,40BD052,2,2.4921,0.4921
40211226,40BA052,4,4.016,0.016
40311113,40BC071,1,1.0,0.0
40211109,40BQ331,1,3.3886,2.3886
40211245,40B0292,2,2.7109,0.7109
40211222,40BA142,4,2.903,1.097
40411220,40BD012,2,3.2977,1.2977
40311173,40BA141,1,2.4022,1.4022
40311243,40BA132,5,3.7988,1.2012
40211209,40BA022,1,2.1689,1.1689
40211208,40BR042,1,1.5033,0.5033
40211208,40BR322,1,1.5949,0.5949
40311224,40BA052,1,1.1409,0.1409
40211117,409Z491,4,2.9194,1.0806
40211234,433A011,2,2.903,0.903
40211267,433A021,2,2.903,0.903
40411148,40BA051,5,2.903,2.097
40511205,40B0292,5,4.4981,0.5019
40211209,433A021,1,2.903,1.903
40211213,40BD032,4,2.605,1.395
40211166,40BC051,1,1.0,0.0
40411202,40BA012,1,3.089,2.089
40211230,40BR372,4,3.9029,0.0971
40211119,40BQ141,3,2.903,0.097
40311202,40BR372,5,3.6047,1.3953
40311128,40BC051,4,3.8968,0.1032
40511139,40BA051,1,2.903,1.903
40411114,40B0291,2,2.903,0.903
40211104,40BQ021,3,2.903,0.097
40311216,40B0292,3,3.3006,0.3006
40211107,40BQ141,1,2.903,1.903
40511222,40BA052,4,3.4224,0.5776
40311133,40BA051,3,2.903,0.097
40211120,40BA051,1,2.903,1.903
40511231,40B0292,1,1.5019,0.5019
40211214,40BR072,2,2.4879,0.4879
40211224,40BA122,2,1.8905,0.1095
40211147,40B0291,1,2.903,1.903
40211234,40BR222,5,3.097,1.903
40411102,40BQ311,3,4.0097,1.0097
40211141,40BC051,2,4.1953,2.1953
40205303,40BA152,1,1.8897,0.8897
40311216,40B8932,3,3.3,0.3
40211148,40UN050,3,3.6893,0.6893
40311129,40BA121,2,2.903,0.903
40211266,40BA221,1,2.903,1.903
40211211,40B9561,4,3.498,0.502
40211142,40BA051,3,2.903,0.097
40211161,40BC051,2,2.598,0.598
40311122,40BQ331,3,3.1616,0.1616
40411109,40BR472,3,2.3507,0.6493
40211238,40BA142,4,2.903,1.097
40511102,40B0291,5,2.903,2.097
40311138,40B0291,4,2.903,1.097
40211263,40BR242,1,1.8049,0.8049
40211232,40BA092,4,2.903,1.097
40211246,40BR032,4,2.903,1.097
40311123,40BA051,1,2.903,1.903
40211156,40BA011,5,2.903,2.097
40211165,40BQ141,2,2.903,0.903
40211201,4069432,2,2.5005,0.5005
40211245,40BR242,2,2.808,0.808
40211208,40BR242,2,1.7007,0.2993
40211151,40BQ021,5,2.903,2.097
40311236,40BQ512,4,4.1003,0.1003
40511218,40BA012,3,4.4722,1.4722
40411261,409A013,4,2.903,1.097
40311226,40BA082,4,3.5094,0.4906
40311132,40BQ031,3,2.1192,0.8808
40411264,40BD012,2,1.0,1.0
40211213,40BR072,4,2.2014,1.7986
40411152,40BA081,1,2.903,1.903
40211256,40BR372,4,3.8913,0.1087
40211262,40BR372,4,3.7977,0.2023
40211162,40BA021,2,2.903,0.903
40511244,40B0292,4,5.0,1.0
40311253,40B8932,2,2.7006,0.7006
40211238,40BA092,2,2.903,0.903
40311247,40BA082,4,3.8983,0.1017
40211132,40BA101,1,2.903,1.903
40311208,40BA012,4,3.6012,0.3988
40211216,40BR042,3,3.9058,0.9058
40311157,40BA221,4,2.903,1.097
40211223,40BA102,5,4.2025,0.7975
40311204,40BA122,3,4.0084,1.0084
40311123,40BA221,1,2.903,1.903
40311227,40B8932,3,3.0002,0.0002
40311108,40BC071,3,3.0089,0.0089
40211206,40BR342,3,3.9963,0.9963
40311122,40BC071,3,3.1537,0.1537
40211111,40BA081,2,2.903,0.903
40511206,40B0292,5,4.0,1.0
40311155,40BA051,3,2.903,0.097
40311131,40BA061,1,2.903,1.903
40411222,40B0292,4,1.885,2.115
40311140,40BC051,4,3.7436,0.2564
40311133,40BC051,3,3.0049,0.0049
40411202,40B0292,4,2.7943,1.2057
40411207,40BD012,1,2.5303,1.5303
40211118,40BA101,4,2.903,1.097
40411149,40B0291,5,2.903,2.097
40211111,40BA091,1,2.903,1.903
40211126,40BA081,4,2.903,1.097
40211126,40BQ021,4,2.903,1.097
40411234,40BA022,1,1.0,0.0
40211150,40BA021,3,2.903,0.097
40211137,40BQ051,1,1.986,0.986
40211237,40BA122,1,2.6195,1.6195
40511156,40B0291,5,2.903,2.097
40211150,40BQ051,4,3.3138,0.6862
40211225,40BR072,4,3.2026,0.7974
40311248,40BQ512,4,4.6933,0.6933
40211117,40BA011,1,2.903,1.903
40311143,40BA081,3,2.903,0.097
40311133,40BA131,2,2.903,0.903
40211108,40BQ141,4,2.903,1.097
40211154,40BC051,2,2.1894,0.1894
40320326,40BA061,1,2.903,1.903
40311105,40BC051,2,2.2994,0.2994
40311132,40BQ341,4,1.9996,2.0004
40211248,40BD052,4,2.6049,1.3951
40211127,40BQ371,4,2.903,1.097
40411212,40BA052,1,2.079,1.079
40211252,409Z501,5,3.8101,1.1899
40211165,40BA011,5,2.903,2.097
40411209,40BA012,1,1.8745,0.8745
40411209,40BR472,3,1.7098,1.2902
40311115,40BA011,1,2.903,1.903
40211102,40BA051,3,2.903,0.097
40411220,40BA222,4,3.1107,0.8893
40211104,40BA061,5,2.903,2.097
40411211,40BA022,3,2.7086,0.2914
40211248,40BA132,2,2.8141,0.8141
40311133,40BA081,3,2.903,0.097
40311204,40BD012,5,3.3026,1.6974
40311122,40BC011,1,3.3979,2.3979
40211102,409D021,4,4.0985,0.0985
40211147,40BC071,1,1.7448,0.7448
40411161,40BA021,3,2.903,0.097
40211214,40B0292,2,2.2956,0.2956
40211206,40BR372,4,3.9977,0.0023
40311241,40BD032,1,1.2028,0.2028
40211131,40BA021,1,2.903,1.903
40211141,40BA061,5,2.903,2.097
40411102,40B0291,5,2.903,2.097
40311258,40BA082,5,3.4084,1.5916
40411129,40BC071,1,3.0,2.0
40411255,40BA082,4,4.1973,0.1973
40211230,40BA122,4,3.9062,0.0938
40211141,40BQ371,5,2.903,2.097
40411151,40BA051,5,2.903,2.097
40411105,40BA011,1,2.903,1.903
40311204,40BR072,4,3.6093,0.3907
40211239,40BA092,1,2.903,1.903
40311227,40BA021,2,2.903,0.903
40411127,40BC011,2,2.5138,0.5138
40311202,40BA062,3,3.8007,0.8007
40311218,40BD032,1,3.3088,2.3088
40211132,40BA021,1,2.903,1.903
40211226,40BA142,4,2.903,1.097
40211238,40BA122,2,2.4033,0.4033
40311105,40B0291,3,2.903,0.097
