analysis,feature,mf_winner_n,mf_winner_mean,mf_winner_median,mf_winner_std,lightgcn_winner_n,lightgcn_winner_mean,lightgcn_winner_median,lightgcn_winner_std,cohens_d_lightgcn_minus_mf,mann_whitney_u,mann_whitney_p,spearman_rho_with_difference,spearman_p,mann_whitney_p_bh,spearman_p_bh
rating,train_interaction_count,247,10.2834008097166,9.0,8.482924489801505,211,10.90521327014218,9.0,8.624468034775866,0.0727402144514207,24758.5,0.3511904551046263,-0.05123960753354798,0.2738243740642975,0.6555555161953025,0.5111388315866886
rating,fraction_of_catalog_observed,247,0.06810199211732847,0.059602649006622516,0.05617830787948018,211,0.07221995543140516,0.059602649006622516,0.05711568234950905,0.07274021445142077,24758.5,0.3511904551046263,-0.05123960753354798,0.2738243740642975,0.6555555161953025,0.5111388315866886
rating,mean_rating,247,2.865036481188075,2.888888888888889,1.102122031616061,211,2.5822058119740587,2.588235294117647,1.1306993143519126,-0.2535748331918724,29882.5,0.006688266306399027,0.1262800499377679,0.006810595295344722,0.11368491190539047,0.0953483341348261
rating,rating_std,247,0.6533039058968418,0.8,0.49867667391724374,211,0.6411450725319586,0.8068715304598785,0.4794169477013843,-0.0248189535913531,26470.5,0.7670852753188551,0.012131102010121419,0.79569928498074,0.9866976128754498,0.979313422043504
rating,rating_min,247,1.874493927125506,1.0,1.2414083788884107,211,1.6255924170616114,1.0,1.0766389520563904,-0.21302443499285392,28818.0,0.0243610525511551,0.11363069201500499,0.014972535807769484,0.11368491190539047,0.13974366753918185
rating,rating_max,247,3.88663967611336,4.0,1.2891446570787515,211,3.6208530805687205,4.0,1.4502351967632496,-0.19461657640631802,28494.5,0.07033407802605819,0.07380879810837462,0.11470054663202205,0.24335798806943318,0.32116153056966174
rating,number_of_distinct_rating_levels,247,2.9109311740890687,3.0,1.5249156791695309,211,2.890995260663507,3.0,1.5063245887404542,-0.013147023239161058,26239.5,0.894837896558545,0.005875851025200442,0.900202016824695,0.9866976128754498,0.979313422043504
rating,fraction_rating_1,247,0.23735159296537783,0.08,0.3144913228479627,211,0.32725015250099154,0.16666666666666666,0.36832394349203273,0.26414181014460975,22526.5,0.01005256796024736,-0.1469010155807685,0.0016196412194901364,0.11368491190539047,0.04534995414572382
rating,fraction_rating_2,247,0.17325504970826838,0.1111111111111111,0.2351255742219104,211,0.16719551363357438,0.1111111111111111,0.2208341715124266,-0.02650078174022828,26096.5,0.9781681605223189,0.016607142493724768,0.7229929811784457,0.9866976128754498,0.979313422043504
rating,fraction_rating_3,247,0.20979459278435747,0.18181818181818182,0.23950572854936775,211,0.20499987285135665,0.16666666666666666,0.2284365819253961,-0.020448919856606056,26035.0,0.9866976128754498,0.024939385362897845,0.594483295221822,0.9866976128754498,0.8760806455900534
rating,fraction_rating_4,247,0.24620281225689344,0.15,0.29221735031540813,211,0.1972072914185386,0.1111111111111111,0.2490606664989208,-0.1793454510593487,28348.5,0.09509162052720799,0.06622410307477325,0.1570865606681317,0.2662565374761824,0.3665353082256406
rating,fraction_rating_5,247,0.1333959522851029,0.0,0.2497880947106726,211,0.10334716959553884,0.0,0.2160705200695218,-0.12794210730878514,27824.5,0.15895906361893974,0.060391775568282395,0.19702067710919388,0.37090448177752605,0.42435222761980224
rating,fraction_rating_ge_4,247,0.3795987645419963,0.2727272727272727,0.36734163188104213,211,0.30055446101407746,0.2,0.3354871268044689,-0.22390313129466552,29228.0,0.022414847055910275,0.08176610641007374,0.08046105518041924,0.11368491190539047,0.28161369313146734
rating,fraction_rating_lt_4,247,0.6204012354580036,0.7272727272727273,0.36734163188104213,211,0.6994455389859227,0.8,0.3354871268044689,0.223903131294666,22889.0,0.022414847055910275,-0.08176610641007374,0.08046105518041924,0.11368491190539047,0.28161369313146734
rating,rating_entropy,247,1.1294038040784031,1.4854752972273344,0.8421396146220619,211,1.1174452789651963,1.4745541487842893,0.8280069814522333,-0.01431026119213199,26448.5,0.7792033170417267,0.009149737468970543,0.845172246908642,0.9866976128754498,0.979313422043504
rating,rating_range,247,2.0121457489878543,2.0,1.5733599833501122,211,1.995260663507109,2.0,1.5568516164170914,-0.010783823744584288,26246.0,0.8909954722097104,0.005334060032454072,0.9093624633261108,0.9866976128754498,0.979313422043504
rating,number_of_observed_ordered_pairs,247,59.19028340080972,28.0,72.31306308127031,211,63.76777251184834,27.0,76.63374927453187,0.06157997208205545,25490.5,0.6829178628558191,-0.02894314036901747,0.536676169206515,0.9866976128754498,0.8684590230645838
rating,normalized_pair_count_per_interaction,247,3.2707128436162267,2.888888888888889,3.0765617169217796,211,3.3974848265179625,3.0,3.1735399771044364,0.04061125811699004,25587.5,0.734864055628798,-0.027422605934985078,0.5582950862558038,0.9866976128754498,0.8684590230645838
rating,mean_rating_gap_across_pairs,247,1.0630653946739805,1.3529411764705883,0.7872750126026847,211,1.0573186590842103,1.3703703703703705,0.7652814777636897,-0.007393927130358717,26111.5,0.969852369899839,0.00017995858277859616,0.9969355264088824,0.9866976128754498,0.9969355264088824
rating,max_rating_gap,247,2.0121457489878543,2.0,1.5733599833501122,211,1.995260663507109,2.0,1.5568516164170914,-0.010783823744584288,26246.0,0.8909954722097104,0.005334060032454072,0.9093624633261108,0.9866976128754498,0.979313422043504
rating,fraction_gap_1_pairs,247,0.39776707621577045,0.4772727272727273,0.3254418123933408,211,0.40522392515146616,0.5,0.3284024551595966,0.022817174883640903,25796.0,0.8496861246353071,-0.013450316956199242,0.7740543302587937,0.9866976128754498,0.979313422043504
rating,fraction_gap_2plus_pairs,247,0.2823948671040676,0.30158730158730157,0.2624156023877524,211,0.2819798663177281,0.3103448275862069,0.26289603552130425,-0.0015801309174367614,26123.5,0.9625396556979038,-0.0014702510361945258,0.9749674641505631,0.9866976128754498,0.9969355264088824
rating,mean_degree_of_interacted_items,247,108.07264474113289,106.66666666666667,31.87413317525603,211,102.68129704724502,102.0,29.12880162069373,-0.17595548834990746,28722.0,0.059170268697536596,0.09964856480122096,0.03300241834145574,0.23668107479014638,0.20091024979243566
rating,median_degree_of_interacted_items,247,107.89271255060729,118.0,35.408585317079165,211,101.7132701421801,105.0,34.090104893300044,-0.17753143901031612,28543.0,0.07822221045088923,0.09536601614972691,0.04135070908433159,0.24335798806943318,0.20091024979243566
rating,min_degree_of_interacted_items,247,67.4493927125506,48.0,57.807541544212036,211,60.43601895734597,48.0,52.217944655796536,-0.1268158448550195,27784.5,0.2211165459319554,0.07147301695554759,0.12667069049474497,0.4762510220072885,0.32243448489571447
rating,max_degree_of_interacted_items,247,144.0931174089069,147.0,19.449210310592854,211,140.218009478673,137.0,19.085518265101655,-0.2009642589477004,29390.0,0.014377963978011745,0.09458451686442687,0.043052196384093355,0.11368491190539047,0.20091024979243566
rating,fraction_of_interactions_with_head_items,247,0.8126629279017528,0.8888888888888888,0.2264060515766211,211,0.796106028213328,0.8888888888888888,0.23220618185685946,-0.07227076250309811,27141.0,0.42895837582901175,0.04603047719683863,0.32564467639471883,0.7506771577007706,0.5698781836907579
rating,fraction_of_interactions_with_tail_items,247,0.006457155080636862,0.0,0.04708715956138775,211,0.008266631234437367,0.0,0.04336437394211276,0.039846958800279955,25232.0,0.151813381649919,-0.07605704679023435,0.10403494535886017,0.37090448177752605,0.32116153056966174
ranking_ndcg5,train_interaction_count,27,20.59259259259259,23.0,5.937231025546526,94,8.01063829787234,6.0,7.565477166014396,-1.7375864257391336,2267.0,1.7715321810127055e-10,-0.4987541312213216,5.809049263127839e-09,2.3130304664481188e-09,8.132668968378975e-08
ranking_ndcg5,fraction_of_catalog_observed,27,0.13637478538140788,0.152317880794702,0.039319410765208784,94,0.05305058475412146,0.039735099337748346,0.05010249778817482,-1.737586425739133,2267.0,1.7715321810127055e-10,-0.4987541312213216,5.809049263127839e-09,2.3130304664481188e-09,8.132668968378975e-08
ranking_ndcg5,mean_rating,27,3.611692742387542,3.4375,0.5930879324549058,94,3.275291266998768,3.291666666666667,1.0830489703790998,-0.33748925266478474,1517.0,0.12263977607555215,-0.31936794829721943,0.000356218548724514,0.14930059696154174,0.0005541177424603552
ranking_ndcg5,rating_std,27,0.900114833074799,0.9344858955002419,0.2646689604570458,94,0.5039393851288261,0.46483104514330786,0.5134828853417308,-0.8420459546903103,1784.0,0.001006730376984003,-0.29289451602595484,0.001113326564134705,0.0018792300370368057,0.0016106586900480149
ranking_ndcg5,rating_min,27,1.7777777777777777,1.0,1.0127393670836666,94,2.4148936170212765,2.0,1.424890672796052,0.4734591770444616,969.0,0.05104376086253423,0.05312927401773737,0.562747948684585,0.0680583478167123,0.5835904653025326
ranking_ndcg5,rating_max,27,4.925925925925926,5.0,0.2668802563418119,94,4.0212765957446805,4.0,1.2179545995410197,-0.834614101304053,1848.0,4.9689877679581605e-05,-0.41567170271567905,2.12370846243826e-06,0.00010702435192525269,5.9463836948271275e-06
ranking_ndcg5,number_of_distinct_rating_levels,27,4.111111111111111,4.0,0.9740215340114143,94,2.4893617021276597,2.0,1.5571181048642384,-1.1185405742758985,1980.0,4.101395543297644e-06,-0.3744537050900039,2.3241400383574785e-05,1.2759897245814892e-05,5.915992824909945e-05
ranking_ndcg5,fraction_rating_1,27,0.0523437055981813,0.03571428571428571,0.06358845274090422,94,0.12613891884508688,0.0,0.2513184063653059,0.32921819173216843,1314.0,0.7564248116256258,0.055461434841959645,0.5457050195586317,0.7564248116256257,0.5835904653025326
ranking_ndcg5,fraction_rating_2,27,0.10638351812691114,0.08333333333333333,0.11018063684635249,94,0.1600688807045258,0.0,0.27175285388223813,0.2185027185630191,1392.5,0.4197320121343008,0.04805031003349339,0.600717154353027,0.4352776422133489,0.600717154353027
ranking_ndcg5,fraction_rating_3,27,0.2445257716613215,0.20833333333333334,0.1302151469932533,94,0.22558110283330668,0.1213235294117647,0.29719740424885216,-0.07024605085901797,1576.5,0.050457029590704035,-0.12455970322204918,0.17343717449640692,0.0680583478167123,0.20234337024580806
ranking_ndcg5,fraction_rating_4,27,0.37073033751635626,0.34782608695652173,0.14335839749952686,94,0.2887842098406935,0.2,0.34469545843737015,-0.2626456052693738,1720.5,0.004212838190776785,-0.4302576767920342,8.413128375710436e-07,0.006208393123249998,2.6174177168876914e-06
ranking_ndcg5,fraction_rating_5,27,0.22601666709722978,0.1875,0.2200086025848365,94,0.19942688777638715,0.0,0.32812590115004214,-0.08639676741298205,1716.0,0.0039128469733130155,-0.29209413696466346,0.0011504704928914393,0.006086650847375802,0.0016106586900480149
ranking_ndcg5,fraction_rating_ge_4,27,0.596747004613586,0.6,0.22729248711273284,94,0.48821109761708065,0.45875,0.40143000727192074,-0.29299256596236095,1457.5,0.23736515638111333,-0.32872634108027116,0.00023203979733218784,0.2658489751468469,0.0003821831956059565
ranking_ndcg5,fraction_rating_lt_4,27,0.40325299538641396,0.4,0.22729248711273284,94,0.5117889023829194,0.54125,0.4014300072719207,0.29299256596236123,1080.5,0.23736515638111333,0.32872634108027116,0.00023203979733218784,0.2658489751468469,0.0003821831956059565
ranking_ndcg5,rating_entropy,27,1.7094947172084842,1.74917466839001,0.43546546261411484,94,0.8824125009481604,0.8997933666425911,0.8818625731605053,-1.0265012985944573,1906.5,4.6684528903327455e-05,-0.3391688607544538,0.00014147737002148802,0.00010702435192525269,0.00028295474004297604
ranking_ndcg5,rating_range,27,3.1481481481481484,3.0,0.9885383033590439,94,1.6063829787234043,1.0,1.6734362632078308,-0.9947810220278442,1895.0,4.884360090139657e-05,-0.3416781625871844,0.00012528771342118378,0.00010702435192525269,0.0002698504596763958
ranking_ndcg5,number_of_observed_ordered_pairs,27,152.66666666666666,164.0,68.11867472399801,94,40.191489361702125,8.5,55.1547727676243,-1.9314303045977723,2259.5,2.47824692833727e-10,-0.491056173629286,1.0745360999051358e-08,2.3130304664481188e-09,1.0029003599114601e-07
ranking_ndcg5,normalized_pair_count_per_interaction,27,6.836513448740645,7.318181818181818,2.201983829594684,94,2.4554755560172654,1.5277777777777777,2.7881167912033016,-1.6401883650396458,2227.5,9.139341141926405e-10,-0.4735778619638192,4.109594198470951e-08,6.3975387993484834e-09,2.3013727511437325e-07
ranking_ndcg5,mean_rating_gap_across_pairs,27,1.421646473447126,1.4451612903225806,0.36080095899218045,94,0.8144507006196222,1.0,0.8058026478020716,-0.8294496098225478,1764.0,0.0015728119521625638,-0.28285627811791386,0.001668955541984038,0.0025905138035618694,0.0022252740559787175
ranking_ndcg5,max_rating_gap,27,3.1481481481481484,3.0,0.9885383033590439,94,1.6063829787234043,1.0,1.6734362632078308,-0.9947810220278442,1895.0,4.884360090139657e-05,-0.3416781625871844,0.00012528771342118378,0.00010702435192525269,0.0002698504596763958
ranking_ndcg5,fraction_gap_1_pairs,27,0.6114946680093745,0.6,0.17500457480492462,94,0.3292322577254342,0.36577708006279436,0.3404729744087141,-0.9049572673666347,1867.5,0.0001283673171942665,-0.32926263254707616,0.00022631456558403363,0.000256734634388533,0.0003821831956059565
ranking_ndcg5,fraction_gap_2plus_pairs,27,0.35146829495358844,0.36129032258064514,0.1436161093135202,94,0.20268263589158708,0.0,0.23674650354433255,-0.6769326163063376,1767.5,0.0013011079097944396,-0.2782291465013154,0.0020015335329228905,0.002276938842140269,0.0025474063146291334
ranking_ndcg5,mean_degree_of_interacted_items,27,79.19270219857816,74.0,18.983752593101304,94,119.38801306928458,121.72222222222223,28.58621556258381,1.5007351514693386,312.5,2.5171454210995695e-09,0.46699096190156697,6.684064831330747e-08,1.1081149584876081e-08,2.7146491656133664e-07
ranking_ndcg5,median_degree_of_interacted_items,27,73.96296296296296,74.0,23.310168599003315,94,118.91489361702128,129.5,31.205151757764618,1.5155660474478119,295.0,1.2397956710000816e-09,0.47951996509290856,2.626538052583761e-08,6.942855757600457e-09,1.8385766368086327e-07
ranking_ndcg5,min_degree_of_interacted_items,27,20.11111111111111,7.0,29.389078732038346,94,86.47872340425532,79.5,58.134388010200304,1.2475826991749803,394.5,4.937024290621575e-08,0.43839167183827443,4.924966940254788e-07,1.7279585017175514e-07,1.7237384290891757e-06
ranking_ndcg5,max_degree_of_interacted_items,27,148.22222222222223,160.0,12.564704328864842,94,145.29787234042553,137.0,11.304038470695712,-0.25229074094612713,1427.0,0.30717154621901843,-0.11206746584814042,0.22102560641044783,0.3308001266974045,0.24754867917970155
ranking_ndcg5,fraction_of_interactions_with_head_items,27,0.5890248268828832,0.5217391304347826,0.20077077064238769,94,0.8915058087541354,1.0,0.14967522106340153,1.864647477151161,352.5,2.7702873962190202e-09,0.46678250088157225,6.786622914033416e-08,1.1081149584876081e-08,2.7146491656133664e-07
ranking_ndcg5,fraction_of_interactions_with_tail_items,27,0.004409171075837742,0.0,0.012744276404228478,94,0.002290189125295508,0.0,0.013715626947309668,-0.15685283744450956,1366.0,0.11025630801904716,-0.15448640765762875,0.0906680860367238,0.14032621020606004,0.1103785395229681
