model,seed,train_interaction_bucket,users,rating_rows,ranking_eligible_users,MAE,RMSE,Recall@5,NDCG@5,HitRate@5
MF,42,1-5,172,172,58,1.0693175037239873,1.2277698972438542,0.13793103448275862,0.10385722438423844,0.13793103448275862
MF,42,6-10,93,93,25,0.7664597470273253,0.9280540459278324,0.28,0.18715529925818886,0.28
MF,42,11-20,106,139,44,0.7636777934410589,0.9756164146531071,0.3522727272727273,0.25147374887018864,0.36363636363636365
MF,42,>20,87,195,58,0.69424354663262,0.8968289193739352,0.3074712643678161,0.24275341653068144,0.43103448275862066
LightGCN_RMSE,42,1-5,172,172,58,1.1442681031171666,1.5388077749622764,0.8448275862068966,0.6032355972882703,0.8448275862068966
LightGCN_RMSE,42,6-10,93,93,25,0.8195928309553413,1.0574909116301878,0.84,0.600640075360163,0.84
LightGCN_RMSE,42,11-20,106,139,44,0.8056556398062398,1.0237658558817255,0.7954545454545454,0.5389113587560538,0.7954545454545454
LightGCN_RMSE,42,>20,87,195,58,0.6971257185324644,0.9048158805133538,0.20689655172413793,0.15594786251488607,0.27586206896551724
LightGCN_Ranking,42,1-5,172,172,58,1.3513172275798266,1.7839069664097207,0.9482758620689655,0.7457219504352259,0.9482758620689655
LightGCN_Ranking,42,6-10,93,93,25,0.9109379271025299,1.1568309315896563,0.96,0.7661859507142915,0.96
LightGCN_Ranking,42,11-20,106,139,44,0.8715629800618123,1.1099627332607382,0.8863636363636364,0.6810404381798223,0.8863636363636364
LightGCN_Ranking,42,>20,87,195,58,0.9294584958981245,1.1700482291080008,0.6580459770114943,0.5541269157413684,0.7931034482758621
Vanilla_GCN,42,1-5,172,172,58,1.815242538618487,2.185294857202401,0.9310344827586207,0.48577157722407266,0.9310344827586207
Vanilla_GCN,42,6-10,93,93,25,1.570388497844819,1.888371306711705,0.52,0.23255764848282362,0.52
Vanilla_GCN,42,11-20,106,139,44,1.1561740533911067,1.4258017768122462,0.26136363636363635,0.14780087815098747,0.2727272727272727
Vanilla_GCN,42,>20,87,195,58,1.3995629707972208,1.703337870385804,0.14942528735632182,0.08130470673119028,0.20689655172413793
MF,123,1-5,171,171,56,1.1391672976532874,1.2854748172345096,0.17857142857142858,0.10522837965561381,0.17857142857142858
MF,123,6-10,92,92,23,0.9219552511754243,1.1212210916271235,0.21739130434782608,0.174686198295913,0.21739130434782608
MF,123,11-20,106,139,45,0.7343634684308827,0.9293698804958233,0.5111111111111111,0.4134712631237182,0.5333333333333333
MF,123,>20,87,195,54,0.6904005778141511,0.866494343634164,0.32407407407407407,0.23802019082148712,0.46296296296296297
LightGCN_RMSE,123,1-5,171,171,56,1.1150496828625773,1.5669272573791988,0.7142857142857143,0.5674618105561963,0.7142857142857143
LightGCN_RMSE,123,6-10,92,92,23,0.8505612443322721,1.0881437600557264,0.8695652173913043,0.7428402315622036,0.8695652173913043
LightGCN_RMSE,123,11-20,106,139,45,0.7868677540648755,0.9705571142637893,0.8,0.5133393526562139,0.8222222222222222
LightGCN_RMSE,123,>20,87,195,54,0.7662701325538831,1.01578020601288,0.2839506172839506,0.17690494963915437,0.37037037037037035
LightGCN_Ranking,123,1-5,171,171,56,1.379774843043054,1.8527261510685409,0.8214285714285714,0.7486146058722597,0.8214285714285714
LightGCN_Ranking,123,6-10,92,92,23,0.9524287309335626,1.1567034313960167,0.8695652173913043,0.7558727013231573,0.8695652173913043
LightGCN_Ranking,123,11-20,106,139,45,0.941748165398193,1.1371876648771528,0.8222222222222222,0.6788439895003724,0.8444444444444444
LightGCN_Ranking,123,>20,87,195,54,0.969307096187885,1.256576801594678,0.4753086419753086,0.3559537668087133,0.5925925925925926
Vanilla_GCN,123,1-5,171,171,56,1.9767579858066047,2.3876841145878474,0.9464285714285714,0.5388454745930054,0.9464285714285714
Vanilla_GCN,123,6-10,92,92,23,1.8033288406289143,2.100329840565369,0.43478260869565216,0.28029036704684634,0.43478260869565216
Vanilla_GCN,123,11-20,106,139,45,1.4462653844476603,1.7975248257945227,0.17777777777777778,0.10106309261257593,0.2
Vanilla_GCN,123,>20,87,195,54,1.3004878881650093,1.587383702543634,0.14506172839506173,0.0749601586419468,0.25925925925925924
MF,2026,1-5,172,172,53,1.062356218349102,1.2225526268657188,0.1509433962264151,0.10466813639505974,0.1509433962264151
MF,2026,6-10,93,93,23,0.7662329712221699,0.975849127949932,0.34782608695652173,0.25051563074534416,0.34782608695652173
MF,2026,11-20,106,140,41,0.8014095255306789,0.9741193174350755,0.25609756097560976,0.2026287393437584,0.2926829268292683
MF,2026,>20,87,194,62,0.6030783942065288,0.7691635348285178,0.34139784946236557,0.2715608499774902,0.43548387096774194
LightGCN_RMSE,2026,1-5,172,172,53,1.1073908251385356,1.581142203653695,0.5471698113207547,0.4025194575341889,0.5471698113207547
LightGCN_RMSE,2026,6-10,93,93,23,0.7534110007747528,0.9867330597934284,0.9130434782608695,0.6941070001253682,0.9130434782608695
LightGCN_RMSE,2026,11-20,106,140,41,0.8081355673926217,0.9893115392362718,0.7926829268292683,0.4688164686083066,0.8292682926829268
LightGCN_RMSE,2026,>20,87,194,62,0.6787094387811484,0.881054818993644,0.3333333333333333,0.22319550764440785,0.46774193548387094
LightGCN_Ranking,2026,1-5,172,172,53,1.2782359705414883,1.7585301741115675,0.8867924528301887,0.6732852939789584,0.8867924528301887
LightGCN_Ranking,2026,6-10,93,93,23,0.9506954531515798,1.1905806458641948,0.9565217391304348,0.7031491882027516,0.9565217391304348
LightGCN_Ranking,2026,11-20,106,140,41,0.9087983991418566,1.0864791876071767,0.9512195121951219,0.7030443633476985,0.9512195121951219
LightGCN_Ranking,2026,>20,87,194,62,0.9249606839160329,1.1868034431569299,0.46236559139784944,0.3676584048532011,0.5645161290322581
Vanilla_GCN,2026,1-5,172,172,53,2.1363303321738574,2.545003850367288,0.8679245283018868,0.5892440398607766,0.8679245283018868
Vanilla_GCN,2026,6-10,93,93,23,1.7556678915536532,2.021582827514741,0.34782608695652173,0.24500255350503777,0.34782608695652173
Vanilla_GCN,2026,11-20,106,140,41,1.3110332012176513,1.700869650602588,0.2804878048780488,0.15892687175257658,0.3170731707317073
Vanilla_GCN,2026,>20,87,194,62,1.3707370063693254,1.6507770079400885,0.12365591397849461,0.06915718489967215,0.1935483870967742
MF,3407,1-5,171,171,48,1.0700204804626823,1.2262053551892855,0.1875,0.1567441461309548,0.1875
MF,3407,6-10,93,93,26,0.7584324011238672,0.9373059407274438,0.38461538461538464,0.30135815100438207,0.38461538461538464
MF,3407,11-20,105,138,52,0.7722678322722947,0.9594321098911667,0.36538461538461536,0.29284809974669823,0.38461538461538464
MF,3407,>20,87,194,57,0.6769492785955212,0.8580404646578682,0.31286549707602335,0.22024812278646275,0.45614035087719296
LightGCN_RMSE,3407,1-5,171,171,48,1.1968875607551888,1.6131328149867594,0.6458333333333334,0.6226427668173863,0.6458333333333334
LightGCN_RMSE,3407,6-10,93,93,26,0.7862548417942499,1.0573191582217305,0.8846153846153846,0.6320394176275339,0.8846153846153846
LightGCN_RMSE,3407,11-20,105,138,52,0.7468269778334576,0.9538072691427648,0.7692307692307693,0.508489746296857,0.7692307692307693
LightGCN_RMSE,3407,>20,87,194,57,0.668451497235249,0.8403525209780983,0.3567251461988304,0.22969896414108756,0.49122807017543857
LightGCN_Ranking,3407,1-5,171,171,48,1.303043604594225,1.7670846406009564,0.625,0.6173110365327387,0.625
LightGCN_Ranking,3407,6-10,93,93,26,0.931096439720482,1.1599680102246712,0.7692307692307693,0.5340412357858699,0.7692307692307693
LightGCN_Ranking,3407,11-20,105,138,52,0.9187620938688085,1.0981526819309724,0.8653846153846154,0.6456178169313527,0.8846153846153846
LightGCN_Ranking,3407,>20,87,194,57,0.9695424584998298,1.200112799644741,0.4532163742690059,0.3423366992192719,0.5789473684210527
Vanilla_GCN,3407,1-5,171,171,48,1.9764687945271096,2.3646727661166067,0.9375,0.4410175380239559,0.9375
Vanilla_GCN,3407,6-10,93,93,26,1.5685667966001777,1.8581083738672486,0.2692307692307692,0.13980995117753345,0.2692307692307692
Vanilla_GCN,3407,11-20,105,138,52,1.3916849226191423,1.6630095848710789,0.22115384615384615,0.11095608038632784,0.23076923076923078
Vanilla_GCN,3407,>20,87,194,57,1.429999916209388,1.6999079720758683,0.043859649122807015,0.029132603889537277,0.07017543859649122
MF,7777,1-5,172,172,51,1.0424029307309972,1.1960247114746627,0.1568627450980392,0.1108754660364174,0.1568627450980392
MF,7777,6-10,93,93,21,0.8034203501157863,0.9790864836785526,0.19047619047619047,0.14579077674499288,0.19047619047619047
MF,7777,11-20,106,140,47,0.7624588055270058,0.9536883089173627,0.3723404255319149,0.3116851355667176,0.425531914893617
MF,7777,>20,87,195,53,0.6001306215922038,0.7853000334538076,0.29874213836477986,0.2523891243666198,0.37735849056603776
LightGCN_RMSE,7777,1-5,172,172,51,1.222166011499804,1.6613822301060768,0.5294117647058824,0.4231252720088402,0.5294117647058824
LightGCN_RMSE,7777,6-10,93,93,21,0.7331810023195,0.9753977543482731,0.9047619047619048,0.6378636933788981,0.9047619047619048
LightGCN_RMSE,7777,11-20,106,140,47,0.7595209879534585,0.9711944275043632,0.7978723404255319,0.6669084508151488,0.8297872340425532
LightGCN_RMSE,7777,>20,87,195,53,0.7137660332215138,0.930528973376924,0.33962264150943394,0.2594717628189998,0.41509433962264153
LightGCN_Ranking,7777,1-5,172,172,51,1.3036611565323764,1.7485344202120938,0.9215686274509803,0.771583770807312,0.9215686274509803
LightGCN_Ranking,7777,6-10,93,93,21,0.7641011591880552,0.9504183654272685,0.9047619047619048,0.7516942153061308,0.9047619047619048
LightGCN_Ranking,7777,11-20,106,140,47,0.8947853718485151,1.0968868518102466,0.9787234042553191,0.6482968601069616,1.0
LightGCN_Ranking,7777,>20,87,195,53,1.0304082338626568,1.3140276171031096,0.5188679245283019,0.4012206364425942,0.660377358490566
Vanilla_GCN,7777,1-5,172,172,51,2.08086665355882,2.4676937914408246,0.9019607843137255,0.7159094967086966,0.9019607843137255
Vanilla_GCN,7777,6-10,93,93,21,1.6962034868937668,2.048712020060363,0.8095238095238095,0.5083215632986801,0.8095238095238095
Vanilla_GCN,7777,11-20,106,140,47,1.323196859870638,1.7025130056597781,0.3723404255319149,0.258453888863187,0.40425531914893614
Vanilla_GCN,7777,>20,87,195,53,1.4730541699971909,1.7842861082246955,0.18867924528301888,0.1395725947742394,0.2830188679245283
