Student_ID,Course_ID,Actual_Grade,Predicted_Grade,MAE
40411202,40BR472,3,N/A,
40311247,40BA052,5,3.08,1.923076923
40211206,40BR122,5,4.4,0.597402597
40511218,40B0292,5,4.03,0.97260274
40211202,40BR342,2,3.34,1.337837838
40311256,40BA122,3,3.21,0.205128205
40211109,40BA091,1,1.09,0.091954023
40311211,40BA062,1,2.59,1.592592593
40311211,40BA012,1,2.53,1.528089888
40211148,40BQ021,4,1.95,2.050632911
40211220,40BA082,4,3.29,0.705357143
40311215,40BR372,4,N/A,
40311207,40BA222,5,3.97,1.027027027
40211250,40BR222,4,3.46,0.541176471
40211133,40BA121,3,3.06,0.05952381
40311259,40BA122,1,N/A,
40211138,40BQ331,3,2.2,0.802469136
40211121,40BC051,3,3.14,0.141025641
40311108,40BA061,2,3.18,1.178947368
40211125,40BC051,4,2.41,1.586956522
40411111,40BC011,1,N/A,
40211138,40B0291,2,2.61,0.607142857
40311155,40BA011,4,N/A,
40211217,40BA102,5,3.28,1.717948718
40411202,40BA062,2,N/A,
40211106,40BQ051,4,3.46,0.5375
40511204,40B0292,5,3.36,1.644230769
40211150,40BC011,3,2.26,0.743243243
40311108,40BA141,2,2.67,0.673469388
40411129,40B0291,2,N/A,
40311109,40BA011,1,N/A,
40411145,40BA051,1,N/A,
40211125,40BA091,1,1,0
40311226,40BR072,4,3.93,0.073684211
40211135,40BA011,4,N/A,
40211217,40BA092,5,3.54,1.459459459
40311134,409A011,2,2.12,0.119047619
40211102,40BQ391,4,3.9,0.103896104
40211117,40BQ051,4,N/A,
40311236,40BA082,4,3.66,0.338028169
40311244,40BR072,3,N/A,
40411248,40BA012,4,N/A,
40311246,40BA052,3,N/A,
40311140,40BQ341,5,4.25,0.754098361
40411120,40BC071,4,N/A,
40211232,40BA012,1,N/A,
40211102,40BA151,4,3.82,0.181818182
40411118,40BA081,1,N/A,
40211156,40BQ171,3,3.55,0.549295775
40211207,40BR082,5,3.93,1.073170732
40211113,40B9662,4,4.03,0.025316456
40311150,40B0291,3,N/A,
40311127,40BA061,1,N/A,
40311247,40BR372,4,3.91,0.086956522
40211129,40BA101,4,3.05,0.947368421
40211127,40B0291,4,3.36,0.636363636
40211102,40KA393,4,4.1,0.095238095
40211245,40BR082,3,3.47,0.472527473
40411163,40BA221,3,N/A,
40311117,40BQ341,4,4.34,0.3375
40311111,40BA141,2,2.93,0.927083333
40211146,40BA021,2,3.35,1.352941176
40311150,40BA101,1,N/A,
40311216,40BR022,3,3.14,0.144444444
40411150,40BA051,1,N/A,
40211126,40KA513,3,3.18,0.181818182
40211126,40KE011,3,3.09,0.090909091
40211252,40BA052,3,3.25,0.247058824
40411242,40BA222,3,N/A,
40211162,40BA091,1,1.65,0.654761905
40411129,40BQ031,3,N/A,
40411247,40BA052,3,N/A,
40211158,40BC061,3,3.36,0.361111111
40211214,40BA012,4,2.79,1.208791209
40211107,40BA141,1,2.21,1.206896552
40311256,40B8932,5,4.43,0.569230769
40211252,40BA142,5,3.83,1.173333333
40311138,40BA081,3,2.37,0.634408602
40211146,40BQ051,3,3.58,0.579710145
40311235,40K0051,1,N/A,
40311150,40BA021,1,N/A,
40411236,40BA082,4,N/A,
40411120,40BC011,3,N/A,
40311254,40BA052,3,N/A,
40411219,40B0292,5,N/A,
40311223,40B0292,3,3.02,0.02247191
40211117,40BC021,2,N/A,
40211229,90B2681,4,4,0
40211220,40BR042,4,2.72,1.280701754
40211209,40BR222,4,3.88,0.125
40333126,40BA221,1,N/A,
40211105,40BC051,2,2.65,0.653846154
40211108,40BC061,5,4.05,0.952941176
40211202,40BA102,3,3.26,0.261904762
40211261,40BA022,5,2.85,2.154639175
40311128,40BA221,3,1.37,1.634146341
40211242,40BA102,4,3.65,0.345679012
40211250,40BA012,3,2.81,0.191489362
40211111,40B0291,2,2.47,0.472222222
40211208,433A011,1,N/A,
40211156,40BQ381,4,3.19,0.805970149
40211127,40BQ321,4,3.54,0.455696203
40211109,40BC021,3,3.11,0.114942529
40511103,40BA051,1,N/A,
40211146,40BA101,1,2.6,1.597701149
40211148,40BA121,4,3.22,0.781609195
40211230,409Z491,5,4.63,0.373493976
40211144,40BC021,1,N/A,
40411224,40B0292,5,N/A,
40211247,40BR042,1,3.46,2.458823529
40211113,40BQ331,1,2.12,1.11627907
40411215,40BA062,1,N/A,
40511133,40BA011,5,N/A,
40211109,40BQ391,4,3.6,0.402298851
40311205,40BA102,4,N/A,
40211206,40BA122,3,2.59,0.414634146
40211127,40BA121,4,2.82,1.182926829
40311206,40BA082,4,N/A,
40311238,40BA102,3,2.43,0.574257426
40411252,40BA222,3,N/A,
40311217,40BA102,3,3.45,0.447368421
40311232,40BA062,1,N/A,
40211228,409Z511,4,3.77,0.225806452
40411230,40BA062,1,N/A,
40211113,40BA131,3,3.21,0.210526316
40211259,40BD052,4,2.97,1.03030303
40211132,40B0291,2,2.64,0.644230769
40211234,40BD032,4,3.7,0.301587302
40411133,40BA081,1,N/A,
40311166,40BQ311,3,N/A,
40211228,40BR032,4,4.2,0.195402299
40211111,40BC011,1,1.52,0.522123894
40311214,40BA052,3,2.98,0.019417476
40211264,40BD012,1,N/A,
40211108,40BC021,4,3.92,0.079545455
40311137,40BC021,5,3.72,1.282608696
40311123,40B0291,2,2.67,0.674418605
40211219,40BA152,4,3.13,0.873417722
40211104,40BA121,3,2.89,0.108433735
40411128,40BA061,3,N/A,
40511246,40BA012,4,3.22,0.783783784
40211141,40BA101,3,2.71,0.290697674
40311226,40BR022,3,3.06,0.058823529
40211267,40BA132,3,N/A,
40411217,40BA062,5,N/A,
40211242,40BA022,4,3.22,0.775
40411230,40BA082,2,N/A,
40211142,40BQ021,1,N/A,
40411208,40BR022,3,N/A,
40311206,40BA222,3,N/A,
40211237,40BA102,3,3.17,0.166666667
40211205,40B0292,5,3.87,1.127659574
40311250,40UN160,4,3.44,0.5625
40511238,40BA052,4,3.1,0.903225806
40311121,40BA051,3,2.57,0.425287356
40211257,40BA102,1,2.78,1.784946237
40311122,40BA121,2,2.81,0.810126582
40411141,40BA101,1,N/A,
40511209,40B0292,4,N/A,
40311261,40B8932,4,4.08,0.081081081
40211117,40UN110,4,N/A,
40311201,40BA122,5,3.51,1.493150685
40211246,40BA062,5,2.89,2.109243697
40311114,40BQ341,5,N/A,
40311224,40BA022,1,N/A,
40311229,40BA132,5,3.79,1.214285714
40311112,40BQ341,5,4.09,0.905405405
40211105,40BQ171,1,2.93,1.927536232
40311221,40BA062,1,2.56,1.5625
40211248,40BR342,3,3.52,0.518518519
40211246,40BA082,3,3.22,0.218487395
40211105,40BA121,3,3,8.88E-16
40411227,40BA052,4,N/A,
40211262,40BD012,4,N/A,
40411115,40BA021,2,N/A,
40311121,40BA021,3,2.36,0.643678161
40411207,40B0292,4,N/A,
40411140,40BQ311,2,N/A,
40311264,4069582,2,N/A,
40311119,40BA131,2,3.7,1.695121951
40411210,40BA062,3,N/A,
40411202,40BA082,3,N/A,
40411164,40BA101,2,N/A,
40211229,40BR122,5,4.44,0.564705882
40511217,40B0292,4,4.29,0.293478261
40211259,40BA122,2,2.55,0.545454545
40211255,40BD032,3,N/A,
40211142,40BA061,4,N/A,
40211249,40BR042,2,2.76,0.756097561
40311148,40BC071,3,N/A,
40311232,40BQ512,3,N/A,
40211161,40B9651,3,N/A,
40211209,40BA082,2,3.2,1.196581197
40311209,40B0292,1,N/A,
40311259,40BA052,5,N/A,
40411237,40BD012,3,N/A,
40411219,40BA052,3,N/A,
40211213,40BA132,1,2.78,1.78021978
40311250,40BD012,5,3.78,1.220779221
40311137,40BQ331,3,2.3,0.704545455
40511206,40BA052,4,3.06,0.941860465
40511229,40B0292,4,3.35,0.645833333
40311229,40BR072,4,4.23,0.226190476
40211234,40BA102,4,3.68,0.317460317
40211238,40BD012,1,2.45,1.450704225
40311211,40B0292,3,3.21,0.213483146
40311238,40BQ512,4,3.61,0.390804598
40411243,40BA012,1,N/A,
40311129,40BQ321,2,3.29,1.291139241
40211150,40BA051,3,2.51,0.486486486
40411236,40BR022,4,N/A,
40211117,40BA091,1,N/A,
40411231,40BA012,1,N/A,
40311205,40BR372,5,N/A,
40211217,40BA052,4,3.01,0.988095238
40211146,40BA141,3,2.31,0.689655172
40411138,40BC011,1,N/A,
40211156,40BR372,3,3.35,0.347222222
40411208,40BA052,3,N/A,
40205303,40BR072,3,4.06,1.055045872
40411220,40BA062,2,N/A,
40411213,40BD012,4,N/A,
40211267,40BD052,1,N/A,
40211129,40BA141,4,2.94,1.064935065
40211126,433N062,5,5,0
40211102,409U053,5,4.62,0.380952381
40211134,40BA061,4,2.85,1.146341463
40311134,40BQ321,3,3.24,0.241758242
40211203,40BA022,3,3.17,0.166666667
40211147,40BC051,1,N/A,
40311217,40BD012,4,3.55,0.447368421
40211233,40BA152,2,3.13,1.126126126
40211137,40BQ391,2,3.32,1.316455696
40411106,40BA051,3,N/A,
40311158,40UN130,5,5,0
40211116,40BQ021,4,2.49,1.511904762
40311202,40BA082,4,3.42,0.576086957
40211154,40BQ391,3,3.71,0.705128205
40311110,40B0291,3,N/A,
40411150,40BC071,2,N/A,
40211117,40BA131,4,N/A,
40311229,40BD012,4,3.6,0.404761905
40211102,40BA081,4,3.06,0.936708861
40211115,40BQ021,2,N/A,
40211215,40BA052,1,N/A,
40211105,40BA151,3,3.53,0.527777778
40211166,40BQ371,1,N/A,
40311237,40BA122,3,N/A,
40311211,40BA132,4,2.37,1.62962963
40211225,40UN070,5,4.58,0.422222222
40511109,40B0291,4,N/A,
40211161,40BQ051,1,N/A,
40211118,40BC051,5,2.69,2.311111111
40411131,40BA021,1,N/A,
40311122,40BA221,3,1.78,1.219178082
40511104,40B0291,5,N/A,
40211126,40BA051,5,3.29,1.707317073
40211211,40BR082,3,3.27,0.269230769
40211262,40BA092,4,N/A,
40211250,40B0292,4,3.66,0.340425532
40311233,40B8932,3,N/A,
40311146,40BC011,1,1.27,0.265822785
40211156,40BA151,3,3.51,0.513513514
40211228,40BA062,3,2.77,0.233333333
40311221,40BD012,3,3.06,0.0625
40311119,40BA011,5,3.93,1.074074074
40411126,40BC011,3,N/A,
40311130,409A021,1,1,0
40211232,40BA102,1,N/A,
40211117,40BA121,3,N/A,
40411247,40BA102,2,N/A,
40211248,40BA102,4,3.76,0.238095238
40411251,40BA022,2,N/A,
40312142,40BA101,4,2.84,1.160493827
40211229,40BR082,4,3.65,0.352941176
40211214,40BR242,2,2.27,0.268292683
40311150,40BC011,1,N/A,
40411102,40BQ031,5,N/A,
40211106,40BA061,5,3.64,1.358024691
40211230,409Z481,4,4.19,0.192771084
40211117,40BA151,4,N/A,
40211259,40BA022,4,3,1
40311259,40BA062,1,N/A,
40411159,40BA101,3,N/A,
40411115,40BA221,1,N/A,
40211247,409Z481,4,4.15,0.152777778
40311260,40BR022,3,N/A,
40411128,40BA011,1,N/A,
40211146,40BA151,4,3.91,0.092105263
40211101,40B0291,4,3.02,0.984375
40211148,40BQ171,4,2.79,1.207317073
40211244,40BR042,2,2.53,0.533333333
40511101,40BA011,1,N/A,
40205303,40BR242,1,2.42,1.422680412
40211235,40BR042,2,2.42,0.415841584
40211126,40KA393,3,3.55,0.545454545
40211139,40BQ421,2,N/A,
40211206,40BD012,3,2.88,0.12195122
40311204,40BA052,5,N/A,
40211233,40BR242,1,2.16,1.157894737
40411125,40BA011,1,N/A,
40311218,40BA132,5,2.93,2.066666667
40211137,40BC011,3,1.89,1.112359551
40311120,40BA021,1,1.69,0.686868687
40511107,40BA051,5,N/A,
40311217,40BD032,2,3,1
40311215,40B0292,2,N/A,
40311155,40BQ031,1,N/A,
40211201,40BR032,3,3.41,0.41025641
40211134,40BQ401,4,3.55,0.454545455
40211208,40BA092,1,N/A,
40211247,40BR032,4,3.53,0.469135802
40311238,40BA122,3,1.77,1.232323232
40211109,40BQ141,2,2.65,0.651162791
40211130,40BA081,1,2.4,1.401960784
40311158,40BC071,5,3.6,1.397435897
40211226,40BD032,4,3.46,0.538461538
40211266,40BA081,2,N/A,
40311233,40B0292,3,N/A,
40311136,40BA011,1,N/A,
40311132,40BA121,1,N/A,
40211133,40BC011,2,2.18,0.178571429
40211236,40BD012,1,N/A,
40311210,40BA222,3,2.57,0.428571429
40211117,40BQ141,2,N/A,
40311261,40BD032,3,3.74,0.738636364
40211225,40B9561,4,4,0
40211228,40BA132,3,2.71,0.288888889
40211158,40BA011,4,2.05,1.945945946
40211154,40BA091,1,1.41,0.407407407
40211137,40BA061,1,3,2
40211209,40BD032,2,3.46,1.462184874
40411227,40BA222,3,N/A,
40311235,40BA222,1,N/A,
40211141,40BC061,4,3.64,0.355263158
40211261,40BR072,5,4.05,0.948453608
40211114,40BA011,1,N/A,
40411126,40BA081,4,N/A,
40211229,40BA012,2,2.28,0.28
40311122,40BA081,4,3.28,0.717948718
40311109,40BA021,1,N/A,
40411205,40BD012,4,N/A,
40327247,40BC071,2,N/A,
40311238,40B0292,2,3.31,1.31
40311238,40B8932,3,3.47,0.469135802
40411158,40BA051,2,N/A,
40311243,40BA052,4,3.71,0.292134831
40411211,40BA222,2,N/A,
40511226,40BA012,4,3.32,0.681818182
40411255,40BA222,4,N/A,
40411212,40BD012,3,N/A,
40211202,40B9651,4,4,8.88E-16
40311243,40BD012,4,4.19,0.192771084
40211112,40KT142,5,4.62,0.377358491
40311204,40BA132,4,N/A,
40211224,40BD012,3,N/A,
40211113,40BA091,1,1.26,0.258064516
40411156,40BA021,4,N/A,
40311153,40BA021,5,3.09,1.913043478
40211266,40BR022,2,N/A,
40411219,40BA082,5,N/A,
40311223,40BA122,3,2.39,0.607142857
40211116,40BQ051,4,3.2,0.804878049
40211246,40BR122,5,4.13,0.87394958
40311158,40BQ341,3,3.9,0.898550725
40411201,40BA062,3,N/A,
40211126,40IN672,5,5,0
40211249,40B0292,4,3.32,0.678571429
40311108,40BC011,2,1.97,0.03125
40411156,40BA011,5,N/A,
40411244,40BR472,1,N/A,
40211103,40UN050,1,N/A,
40411242,40BA102,4,N/A,
40411202,40BA052,4,N/A,
40211261,40BA152,3,2.98,0.021505376
40511142,40BA051,3,N/A,
40411246,40BA082,3,N/A,
40211104,40UN110,4,4,0
40311236,40BR042,4,3.3,0.704225352
40211223,40BA132,3,3.58,0.575342466
40211115,40BA011,3,N/A,
40211144,40BQ421,1,N/A,
40211203,40BA102,4,3.29,0.708333333
40211257,409U163,1,1.06,0.058823529
40311113,40BA051,1,N/A,
40411236,40BA012,3,N/A,
40411233,40BA102,4,N/A,
40311161,40BA221,1,N/A,
40211153,40BR372,4,3.77,0.232876712
40411108,40BA011,4,N/A,
40211115,40BC061,1,N/A,
40311130,40BQ031,2,2,4.44E-16
40211102,40B0291,2,2.27,0.265822785
40211205,40BR032,5,3.68,1.320987654
40211132,40BA081,2,2.37,0.365384615
40311257,40BA102,3,3.58,0.576470588
40211110,40BQ321,2,2.98,0.983333333
40411255,40BA102,4,N/A,
40411138,40BA051,2,N/A,
40311105,409A011,2,2.18,0.177777778
40311265,4064243,2,N/A,
40311255,40B0292,2,N/A,
40211104,40BA131,4,3.14,0.855421687
40211233,40BA092,2,3.56,1.558558559
40211133,40BR372,5,4.07,0.931034483
40311138,40BA011,1,1.93,0.925531915
40311124,40BA021,1,N/A,
40211238,433A021,2,1.41,0.585365854
40311223,40BA222,1,2.16,1.16
40211161,40BA051,2,N/A,
40211137,40BA091,1,1.32,0.316455696
40311128,40BA121,4,2.86,1.139534884
40411238,40BA052,2,N/A,
40211118,40BC061,5,3.62,1.375
40311218,40BR042,4,2.74,1.255555556
40211235,40BA152,4,3.26,0.74
40211138,40BA051,3,3.1,0.095238095
40311206,40BA062,1,N/A,
40211230,40B0292,5,3.86,1.13592233
40411209,40BA222,3,N/A,
40311118,40BC051,3,2.28,0.725
40211224,40BR072,3,N/A,
40311243,40BA122,4,3.39,0.614457831
40211113,40B0291,2,2.51,0.505376344
40211235,40BR072,4,4.21,0.207920792
40211161,40BQ331,1,N/A,
40311253,40B0292,3,N/A,
40211225,40BR372,4,3.54,0.463414634
40311227,40BA082,4,N/A,
40211262,40BR082,5,N/A,
40511229,40BA052,2,2.94,0.936842105
40211122,40BQ421,3,3.25,0.246153846
40411119,40BA051,1,N/A,
40211202,40BA132,3,2.88,0.119047619
40211125,40BQ141,4,3.42,0.582417582
40411205,40BA052,2,N/A,
40311131,40B0291,2,2.79,0.794871795
40311146,40BA081,2,3.06,1.064102564
40211245,40BR032,2,3.75,1.747252747
40411130,40BC071,1,N/A,
40311135,40BA221,1,2.13,1.131147541
40411143,40BA051,1,N/A,
40411207,40BA062,2,N/A,
40211220,409Z481,5,4.3,0.698630137
40211205,40BA062,5,2.48,2.516853933
40211230,40BA062,4,2.93,1.069306931
40411140,40BA021,1,N/A,
40511262,40BA052,3,N/A,
40211262,40BA142,5,N/A,
40311132,40BQ321,3,N/A,
40311138,40BC021,4,3.03,0.968085106
40311151,40BA141,3,2.39,0.611764706
40411143,40BA221,1,N/A,
40211222,40BD032,4,3.05,0.946236559
40311231,40BD032,2,2.8,0.795180723
40311205,40BD032,3,N/A,
40511227,40BA052,2,3.18,1.182926829
40211152,40B0291,2,N/A,
40211233,40BA142,4,3.8,0.198198198
40311238,40BA132,3,2.42,0.575757576
40211125,40BC011,4,1.87,2.130434783
40311219,40B0292,1,N/A,
40311105,40BC071,2,3.22,1.218390805
40311134,40BA121,3,2.9,0.096774194
40311116,40B0291,2,3.07,1.073170732
40311157,40BA061,3,2.82,0.182926829
40211104,40BC051,2,2.92,0.916666667
40411149,40BC071,1,N/A,
40411130,40BA102,3,N/A,
40311214,40BD032,2,2.27,0.272727273
40411222,40BA062,1,N/A,
40311108,40BA101,3,2.26,0.739583333
40211134,40BC021,4,3.3,0.698795181
40320324,40BC011,1,1.6,0.602272727
40311243,40BA012,3,3.9,0.898876404
40411130,40BA222,2,N/A,
40411215,40BA052,1,N/A,
40411240,40BR022,2,N/A,
40211127,40BA131,5,3.35,1.64556962
40211131,40B0291,1,N/A,
40211235,40BA102,4,2.78,1.217821782
40211101,40BR342,5,4.15,0.852459016
40211205,40BD012,4,3,1
40411120,40BA061,4,N/A,
40311125,40B0291,3,N/A,
40211150,40BC021,3,2.89,0.108108108
40311148,40BA081,3,N/A,
40211219,40BA052,2,2.38,0.380952381
40211260,40BR122,5,4.24,0.760869565
40311146,40BA061,1,2.52,1.518987342
40511219,40BA052,3,N/A,
40211150,40BC061,4,3.92,0.083333333
40211110,40BC051,2,2.49,0.491803279
40311249,40BA022,3,3.39,0.392857143
40211205,40BR042,3,3.57,0.573033708
40411104,40BC071,3,N/A,
40211122,40BA151,4,3.82,0.176470588
40211106,40BA081,3,2.9,0.098765432
40311104,40BA141,1,2.75,1.753424658
40311229,40BA012,2,2.86,0.857142857
40511247,40B0292,4,3.53,0.469135802
40211208,90B2681,3,N/A,
40211249,40BR122,5,4.79,0.205128205
40311116,40BA081,3,3.37,0.373493976
40311208,40BA022,4,3.71,0.287878788
40211206,40BA012,5,2.87,2.134146341
40511201,40BA012,3,2.09,0.914893617
40211116,40BA131,5,3.3,1.695652174
40211101,40BA081,4,3.5,0.5
40211112,40BA021,1,1.86,0.861111111
40211112,40BQ371,3,3.35,0.352380952
40211217,40BA022,5,2.95,2.050632911
40211220,40B0292,5,3.77,1.234782609
40311130,40BQ321,3,3.6,0.602409639
40311139,40BQ141,2,3.04,1.037037037
40311236,40BA102,4,3.21,0.791666667
40311245,40BA012,4,N/A,
40511123,40BA051,1,N/A,
40311114,40BA051,4,N/A,
40311155,40BC051,3,N/A,
40211239,40BR372,1,N/A,
40211130,40BA021,1,1.73,0.725490196
40211133,40BA061,5,3.33,1.666666667
40311236,40B8932,4,3.89,0.111111111
40211106,40BA011,1,3.12,2.12195122
40211158,409R181,4,3.57,0.428571429
40311211,40BR372,3,3.08,0.084337349
40511118,40BA051,2,N/A,
40311214,40BD012,1,2.85,1.848484848
40211110,4069211,3,3.17,0.166666667
40411246,40BA052,2,N/A,
40211165,40BA141,2,2.17,0.172839506
40211241,40BA052,1,2.25,1.25
40211115,40BC021,1,N/A,
40411251,40BA082,4,N/A,
40211150,40UN080,3,3.25,0.25
40511125,40B0291,3,N/A,
40211205,40BR322,3,3.2,0.195121951
40211127,40BQ421,5,3.26,1.739130435
40311241,40BA102,2,N/A,
40211113,40BA101,2,2.28,0.284210526
40211252,409Z491,5,4.56,0.441176471
40311128,40BA021,4,2.37,1.627906977
40311150,40BA221,1,N/A,
40211244,40B9561,4,4,0
40311227,40BA062,1,N/A,
40211102,40BA011,4,2.91,1.086419753
40211102,40WN081,3,2.81,0.19047619
40211208,40BA152,2,N/A,
40211248,40BR122,5,4.19,0.807228916
40311231,40BQ512,4,3.65,0.347222222
40411158,40BA081,3,N/A,
40211163,40BA141,4,N/A,
40311227,40B0292,2,N/A,
40411155,40BQ031,4,N/A,
40511247,40BA052,4,3.41,0.592592593
40311235,40BA102,1,N/A,
40511233,40BA052,4,2.82,1.182926829
40311133,40BA101,2,1.96,0.035294118
40311245,40BD012,2,N/A,
40211137,40BA051,3,2.6,0.402298851
40211262,40BA132,4,N/A,
40211207,40BA062,4,3.64,0.357142857
40211237,40BA022,1,2.18,1.175824176
40311162,40BA021,1,N/A,
40211234,40BR032,4,3.93,0.066666667
40411248,40BR472,1,N/A,
40211136,40BC051,5,3.7,1.295774648
40311139,40BA141,1,2.2,1.197674419
40411158,40BA011,3,N/A,
40211129,40BQ141,5,3.68,1.323943662
40211259,40BA152,2,2.62,0.621212121
40311258,40BD012,3,2.98,0.020618557
40411140,40BC071,2,N/A,
40211158,40BQ371,2,3.29,1.287037037
40311142,40BA101,1,N/A,
40211256,40BD012,5,3.36,1.635294118
40311217,40BA012,3,3.37,0.367088608
40411143,40BC011,1,N/A,
40211107,40BA081,1,2.75,1.747126437
40311127,40BA081,2,N/A,
40211148,40BQ321,3,2.89,0.107142857
40320310,40BC051,1,2.47,1.466666667
40211220,40BD052,3,3.02,0.01754386
40311162,40BQ311,1,N/A,
40211261,40BA122,3,2.44,0.556701031
40311155,40BQ311,3,N/A,
40211252,40BR072,4,3.72,0.283950617
40311169,40BA221,1,N/A,
40411215,40BA012,3,N/A,
40311117,40BA141,3,2.73,0.273809524
40311158,40BA121,1,2.67,1.670731707
40211209,40BA092,1,3.45,2.453781513
40311236,40BD032,4,3.41,0.591549296
40211153,40BQ021,5,3.82,1.179104478
40211151,40BA081,3,3.54,0.5375
40411138,40BA021,1,N/A,
40211118,40BA141,5,3.08,1.923076923
40411101,40BA011,1,N/A,
40211217,40BR082,4,3.38,0.621621622
40311132,40BC051,1,N/A,
40211226,40BD052,5,3.49,1.513157895
40211225,40B9572,4,3.84,0.161764706
40411240,40BR472,5,N/A,
40211109,40B0291,2,2.18,0.183908046
40411110,40BQ311,2,N/A,
40211241,40BA152,3,3.3,0.304878049
40311250,40BA062,1,1.86,0.857142857
40211102,40BQ421,3,3.16,0.15942029
40211108,40BA051,3,3.38,0.375
40411252,40BR472,1,N/A,
40511256,40B0292,3,3.74,0.735632184
40311111,40BA061,4,3.49,0.510638298
40211114,40UN110,4,N/A,
40511207,40BA012,2,2.78,0.780487805
40311218,40BA082,4,3.12,0.877777778
40311151,40BA021,4,3.19,0.811764706
40411146,40BA081,2,N/A,
40311215,40BA122,2,N/A,
40511105,40B0291,5,N/A,
40211249,40BA052,3,2.36,0.642857143
40311157,40BQ321,5,3.45,1.548780488
40211225,40BD052,3,3.19,0.1875
40211151,40BQ371,5,4,1
40211112,40BQ391,5,3.44,1.558823529
40311261,40BA012,3,3.06,0.063829787
40411254,40BA222,3,N/A,
40211239,40BR042,1,N/A,
40111230,40BA152,2,N/A,
40311233,40BA022,2,N/A,
40211266,433A021,3,N/A,
40211202,40BR242,3,2.46,0.540540541
40411113,40BQ311,5,N/A,
40211249,40BA022,4,2.96,1.036585366
40311157,40B0291,5,3,2
40211139,432N861,1,N/A,
40311260,40BQ512,5,N/A,
40211230,40BA152,3,3.07,0.067961165
40311158,40BQ031,2,2.26,0.264705882
40311231,40BA132,5,3.1,1.903614458
40211116,40IN101,4,4,0
40311104,40BA081,4,3.89,0.109589041
40411240,40BA052,1,N/A,
40211217,40BR032,5,3.45,1.554054054
40211248,40BA022,1,2.68,1.682352941
40211257,40BR372,1,2.92,1.923076923
40211266,40BR042,2,N/A,
40311148,40BA011,1,N/A,
40411159,40BA051,2,N/A,
40205303,40BD012,2,3.05,1.04587156
40411141,40BC011,1,N/A,
40211104,40BQ371,4,4.32,0.324324324
40211145,40BC011,1,N/A,
40411147,40BA061,2,N/A,
40211215,40BD032,3,N/A,
40311121,40BC011,4,1.97,2.033333333
40411256,40BA102,4,N/A,
40411105,40BQ311,5,N/A,
40211116,40BA051,2,2.66,0.655913978
40211111,40BQ381,1,2.51,1.514285714
40211106,409A012,2,2.14,0.142857143
40211249,40BR082,4,3.92,0.076923077
40211222,40BA092,4,3.74,0.263736264
40211123,40BA021,4,2.2,1.795180723
40211262,40BR042,4,N/A,
40411228,40BA062,3,N/A,
40211105,40BA051,3,2.64,0.355263158
40311158,40BA221,2,2.15,0.153846154
40211138,40BQ171,4,2.84,1.160493827
40211129,40BC021,4,3.63,0.368421053
40411218,40BR022,3,N/A,
40311129,40BQ331,1,2.36,1.36
40211234,40BA022,3,3.32,0.317460317
40211206,40BA062,4,1.72,2.280487805
40211211,40BR372,3,3.2,0.197530864
40311248,40BA132,5,3.84,1.164705882
40211136,40BQ371,3,4.04,1.044776119
40211247,409Z501,5,5,1.78E-15
40311250,40BA012,5,3.17,1.833333333
40311236,40BA062,4,2.87,1.126760563
40311216,40BR042,4,3.43,0.567010309
40311218,40B8932,4,3.61,0.386666667
40311146,40BA221,1,1.54,0.538461538
40211144,40BA021,4,N/A,
40211248,40BD012,3,3.29,0.285714286
40211162,40BA151,4,3.81,0.19047619
40211203,40BA012,2,2.67,0.666666667
40311122,40BA101,4,2.86,1.139240506
40311155,40BC011,3,N/A,
40211214,40BD032,3,2.28,0.715909091
40311159,40BC071,1,N/A,
40211139,40BA081,3,N/A,
40211202,40BR072,3,3.73,0.726190476
40211261,40BR222,4,3.7,0.301075269
40411134,40B0291,2,N/A,
40411159,40BQ311,3,N/A,
40411108,40BQ311,4,N/A,
40211121,40BA121,3,3.05,0.051282051
40411117,40BA061,2,N/A,
40411216,40BA082,1,N/A,
40511220,40BA052,4,2.29,1.705882353
40205303,40BR122,2,3.95,1.953703704
40211165,40BQ421,4,3.29,0.714285714
40211123,40PQ041,4,4.31,0.314285714
40211263,433A021,1,1.14,0.14084507
40211206,40BA092,4,3.36,0.636363636
40411238,40BA222,2,N/A,
40411254,40BA012,3,N/A,
40211117,409A012,1,N/A,
40211202,40BD012,2,2.87,0.869047619
40411145,40BA011,2,N/A,
40311237,40BR042,1,N/A,
40211134,40BC061,4,3.45,0.551282051
40211114,40BC021,1,N/A,
40411213,40BA222,3,N/A,
40211162,40UN080,4,3.57,0.428571429
40311264,4064243,2,N/A,
40211144,40BQ331,2,N/A,
40211207,40BR322,4,3.73,0.265822785
40211154,40BA022,2,2.64,0.636363636
40211106,40BQ171,4,3.44,0.56097561
40311210,40BA122,1,2.28,1.284210526
40211220,40BR082,4,3.29,0.710526316
40411147,40BC011,4,N/A,
40411229,40BR022,1,N/A,
40211130,40BQ371,3,3.21,0.207920792
40311227,40BD032,1,N/A,
40411207,40BA012,3,N/A,
40211208,40BR082,2,N/A,
40311237,40BA062,3,N/A,
40211105,409Q082,2,2,0
40411126,40BA101,3,N/A,
40311131,40BQ311,3,2.85,0.149253731
40211211,40BA152,3,2.46,0.538461538
40211214,40BR372,2,2.91,0.908045977
40511118,40B0291,4,N/A,
40311223,40BR042,3,2.71,0.285714286
40411247,40BA062,4,N/A,
40511119,40B0291,5,N/A,
40211222,40BA152,3,2.62,0.384615385
40411237,40B0292,1,N/A,
40311128,40BQ141,4,3.35,0.646341463
40511121,40BA051,2,N/A,
40311227,40BA222,2,N/A,
40311240,40BD012,1,N/A,
40311218,40BA102,4,2.89,1.111111111
40211244,40BA082,3,2.98,0.022222222
40211249,40BA152,2,3.04,1.038461538
40211237,40B0292,1,2.46,1.462365591
40511103,40B0291,2,N/A,
40311211,40BR042,3,2.98,0.024691358
40311216,40BD032,2,2.65,0.649484536
40211214,40BA022,4,2.24,1.761363636
40311205,40BQ512,4,N/A,
40211131,40BA081,1,N/A,
40311244,40BR042,4,N/A,
40511135,40B0291,4,N/A,
40211123,40BC011,2,1.45,0.547619048
40211207,40B0292,5,3.7,1.303370787
40311227,40BA102,3,N/A,
40211103,40BA141,1,N/A,
40211111,40BA051,2,2.73,0.730434783
40211123,40UN080,5,3.89,1.108108108
40211201,40BA061,1,3.46,2.45631068
40211101,40BQ051,5,4.29,0.709677419
40411124,40BA021,1,N/A,
40411122,40BA051,1,N/A,
40211113,40BA151,3,3.48,0.483870968
40311257,40BR372,4,3.9,0.095238095
40211118,40BA121,5,3.34,1.659340659
40311217,40BA062,1,2.4,1.4
40311110,40BA061,1,N/A,
40311237,40BA022,1,N/A,
40211233,40BR032,2,3.22,1.224299065
40311145,40BA051,1,N/A,
40211213,40BA082,3,3.29,0.285714286
40311114,40BC011,3,N/A,
40211252,40BA102,5,3.12,1.880952381
40211215,40BA152,3,N/A,
40211107,40BQ371,3,3.38,0.384615385
40411109,40BA222,1,N/A,
40211137,40BA151,3,3.53,0.53164557
40411101,40BA021,1,N/A,
40211261,409Z511,4,3.79,0.209677419
40211234,40BR122,5,5,0
40211250,40BD032,3,3.03,0.033333333
40411212,40BA022,1,N/A,
40311161,40BA101,1,N/A,
40211237,40BR032,2,2.8,0.802469136
40211264,40BR032,2,N/A,
40411120,40BA051,3,N/A,
40311137,40BA221,3,1.59,1.406593407
40211132,40BC011,1,1.4,0.4
40411221,40BA052,2,N/A,
40411121,40B0291,1,N/A,
40411147,40B0291,5,N/A,
40211126,40B9662,4,4.25,0.254545455
40211229,40BR242,2,2.44,0.44047619
40211145,40BA131,2,N/A,
40411102,40BA221,3,N/A,
40211243,40BA012,1,N/A,
40311235,40B0292,3,N/A,
40311145,40BA011,1,N/A,
40211164,409U403,4,4,0
40211264,40BA102,1,N/A,
40311131,40BC011,1,2.08,1.075949367
40311211,40BA122,4,2.56,1.444444444
40311121,40BA131,3,2.92,0.08045977
40211257,40BD032,2,2.52,0.516853933
40411168,40BA221,1,N/A,
40311238,40BD032,3,2.28,0.717171717
40311250,431A241,5,5,0
40211220,40BR122,5,4.09,0.912280702
40211107,40BR242,2,1.95,0.051948052
40311233,40BA082,4,N/A,
40211158,40UN110,4,4,0
40411226,40BA082,1,N/A,
40211264,40BA062,1,N/A,
40211125,40BA011,4,2.21,1.793478261
40411141,40BA221,1,N/A,
40211165,40BA101,4,2.36,1.6375
40411126,40BA051,2,N/A,
40211145,40BA051,2,N/A,
40311135,40BQ321,3,3.62,0.615384615
40311122,40BQ321,4,3.28,0.716216216
40211151,40BC051,4,3.18,0.825
40411140,40BQ031,3,N/A,
40211150,40BA011,3,3.14,0.136986301
40411131,40BA081,1,N/A,
40211121,40BC021,2,2.97,0.974358974
40211148,40BA141,4,2.82,1.183908046
40320310,40BQ321,2,3,1
40320324,40BA221,1,1.57,0.567901235
40211263,409U163,1,1.13,0.128205128
40311155,40BA141,3,N/A,
40211144,40BA221,1,N/A,
40211154,40BR372,2,2.77,0.772727273
40211102,40BC051,4,3.3,0.703703704
40311133,40BA221,2,1.86,0.142857143
40311244,40BA012,3,N/A,
40211109,40BA051,2,2.3,0.298850575
40211229,40BA082,2,3.29,1.288659794
40311106,40B0291,4,3.32,0.681318681
40211105,40B0291,1,2.43,1.426666667
40211151,40BA141,4,3,1
40311214,40BA062,1,1.35,0.353535354
40211241,40BA102,3,3.15,0.152941176
40211162,40BA011,2,2.44,0.435294118
40411257,40BA052,2,N/A,
40211148,40BA091,4,1.63,2.369047619
40411233,40BR472,5,N/A,
40311248,40B8932,5,4.42,0.575
40411250,40BA052,2,N/A,
40211263,40BA082,2,3.02,1.022988506
40311261,40BA082,4,3.68,0.318181818
40411138,40BA011,1,N/A,
40411248,40BA222,4,N/A,
40311134,40B0291,2,2.71,0.707865169
40211111,40BA151,3,3.43,0.429906542
40211201,40BR082,3,3.22,0.218487395
40311261,40BA022,5,3.2,1.795454545
40411130,40BA021,2,N/A,
40311218,40BR072,4,3.28,0.722222222
40211133,40BA021,4,2.9,1.096385542
40211161,40BA101,4,N/A,
40211259,40BA092,5,3.8,1.196969697
40411111,40BA081,1,N/A,
40211127,40BQ401,4,3.56,0.436619718
40211126,433Q051,2,2,0
40411240,40B0292,3,N/A,
40211151,40BA051,3,3.2,0.2
40211150,40BQ421,4,3.15,0.853333333
40311250,40BA122,4,2.75,1.246753247
40411250,40BR472,5,N/A,
40311201,40BA102,4,3.84,0.164383562
40211213,40BR122,4,4.2,0.195402299
40211164,40BA102,3,3.47,0.47
40411256,40BA022,3,N/A,
40311133,40BC011,3,2.18,0.823529412
40211258,40BA012,1,N/A,
40211142,409A021,1,N/A,
40211105,40BC021,3,3.64,0.644736842
40211121,40BQ171,4,3.67,0.328767123
40211126,40BA141,3,2.59,0.414634146
40211201,40BR072,4,4.22,0.225
40311152,40BA061,1,N/A,
40211136,40BA051,3,3.28,0.281690141
40311258,40BA022,5,2.7,2.298969072
40511155,40B0291,5,N/A,
40311261,40BA132,5,3.42,1.579545455
40311201,40B8932,5,4.43,0.569230769
40311139,40BQ311,3,2.73,0.265060241
40411120,40BA011,1,N/A,
40411222,40BA102,2,N/A,
40211109,40UN110,4,4,0
40211207,40BA142,5,4.29,0.707317073
40311123,40BC011,1,1.48,0.476744186
40211244,40BR242,4,2.46,1.543209877
40311261,40B0292,2,3.01,1.010638298
40311241,40B0292,1,N/A,
40211249,40BA102,3,3.18,0.182926829
40211228,409Z501,5,5,0
40333126,40BA081,3,N/A,
40411253,40BA022,2,N/A,
40411160,40BD012,4,N/A,
40211107,40B0291,2,2.72,0.724137931
40211259,40BR372,4,3.03,0.970149254
40311125,40BA051,1,N/A,
40311226,40BA052,4,2.95,1.051546392
40511203,40B0292,5,3.68,1.324675325
40311138,40BA101,2,1.89,0.106382979
40211243,40BA022,1,N/A,
40411138,40BQ031,2,N/A,
40211244,40BD032,4,3.14,0.855555556
40211243,40BA062,1,N/A,
40411146,40BQ031,2,N/A,
40211129,40BA051,3,3.2,0.197368421
40211256,40BA102,5,4.11,0.894117647
40211101,40BR372,5,4.39,0.614285714
40211227,40BR072,4,4.22,0.225
40411258,40BA102,3,N/A,
40311106,40BQ141,3,3.68,0.681318681
40211220,40BQ421,4,2.96,1.04494382
40511130,40BA051,2,N/A,
40211104,40BA051,4,2.99,1.012048193
40311250,40BA052,5,3.18,1.821428571
40311206,40BA052,5,N/A,
40311118,40BC071,3,3.53,0.526315789
40311256,40BR372,4,4.12,0.12345679
40211162,40BQ051,4,3.71,0.2875
40311223,40BR022,3,2.7,0.301369863
40311211,40BA102,4,3.09,0.914634146
40511250,40BA052,3,2.8,0.197368421
40511119,40BA011,4,N/A,
40511149,40BA051,2,N/A,
40320326,40BQ341,3,4.13,1.129032258
40311137,40BQ341,5,4.36,0.641025641
40311212,40BA122,1,2,1
40211220,409Z501,5,5,8.88E-16
40320326,40BA021,1,2.47,1.473684211
40211127,40BA141,3,2.68,0.317073171
40411215,40BA022,2,N/A,
40311211,40BA222,3,2.78,0.222222222
40311123,40BA061,1,2.95,1.953488372
40211242,40B9572,4,3.92,0.084745763
40211110,40BQ021,2,2.4,0.396226415
40211222,40BR342,3,3.38,0.375
40511224,40B0292,3,3.47,0.465909091
40311241,40BA082,2,N/A,
40211268,40BA011,1,N/A,
40311229,40BA052,5,2.92,2.083333333
40211147,40BA081,3,N/A,
40211201,40BA022,2,2.9,0.902439024
40211101,40BC011,5,2.6,2.397058824
40211224,40BR342,3,N/A,
40311162,40BA011,1,N/A,
40311235,40BA012,1,N/A,
40311201,40BA062,1,3.07,2.068493151
40211209,40BR122,1,4.02,3.016806723
40211145,40B0291,3,N/A,
40411133,40BC011,2,N/A,
40211123,40UN070,4,4.32,0.318181818
40211127,40BC021,5,4.14,0.860759494
40411110,40BQ031,3,N/A,
40311235,40BR022,3,N/A,
40211246,40BD012,4,2.99,1.008333333
40411163,40BA101,3,N/A,
40320310,40BA101,1,2.82,1.822222222
40311106,40BA081,3,3.27,0.274725275
40211141,40BA091,4,2.05,1.945945946
40411164,40BQ311,1,N/A,
40211222,40BD052,4,2.8,1.197802198
40311230,40BR022,3,3.05,0.048780488
40211133,40BA151,4,3.89,0.105263158
40211234,40BA052,3,3.14,0.142857143
40311211,40BD032,3,2.89,0.111111111
40311211,40BR022,2,3.11,1.112676056
40211203,40BR042,5,3.62,1.375
40211144,40BC011,1,N/A,
40411237,40BR472,2,N/A,
40211255,40BA152,3,N/A,
40411146,40B0291,4,N/A,
40311215,40B8932,5,N/A,
40211101,40BA011,5,3.35,1.651515152
40211145,409U053,2,N/A,
40411111,40BA011,3,N/A,
40211113,40BQ171,3,2.26,0.736263736
40411120,40BA101,4,N/A,
40311209,40BA052,2,N/A,
40211239,40BA142,3,N/A,
40211129,40BQ371,3,3.58,0.579710145
40211109,40BQ381,1,1.95,0.952941176
40211102,40KE011,4,3.71,0.285714286
40211122,40BC021,4,3.3,0.704225352
40411244,40BR022,4,N/A,
40311155,40BA081,2,N/A,
40211130,40BA131,2,2.83,0.831775701
40211110,40B9662,5,4.61,0.387755102
40311129,40BA141,3,3.32,0.316455696
40411205,40BR472,2,N/A,
40311219,40BA222,3,N/A,
40320324,40BQ311,3,2.94,0.061728395
40211102,40BA141,4,3.07,0.925925926
40211141,40BA141,4,2.87,1.127906977
40311133,40BQ341,5,4.21,0.791666667
40411263,40BA102,1,N/A,
40411243,40BA062,4,N/A,
40211161,409A013,1,N/A,
40311249,40BA222,4,3.26,0.739726027
40311232,40BR042,3,N/A,
40211122,432N442,3,2.54,0.464285714
40311211,40BD012,3,3.07,0.074074074
40311109,40B0291,1,N/A,
40111256,40B9651,2,3.35,1.347826087
40311151,40BC011,3,2.22,0.776470588
40311116,40BA051,1,2.49,1.487804878
40211256,40BA022,5,4.29,0.705882353
40211206,40BA152,3,3.12,0.116883117
40511143,40BA051,4,N/A,
40211245,40BR072,3,3.76,0.757894737
40511111,40B0291,3,N/A,
40211227,40BA132,5,2.92,2.075
40320310,40BA221,1,1.89,0.894117647
40211228,40BA082,3,3.39,0.388888889
40211222,40BA052,2,2.59,0.586956522
40411211,40BA012,2,N/A,
40311258,40BA102,3,3.09,0.091836735
40211217,40B9561,4,4,0
40211242,40BD052,4,3.48,0.521126761
40211117,40BQ371,4,N/A,
40511211,40B0292,4,3.25,0.752688172
40311231,40BA052,3,2.49,0.511904762
40511226,40B0292,4,4.41,0.409090909
40211247,409Z511,3,3.62,0.625
40211203,40BR222,4,3.63,0.375
40211144,40BA061,4,N/A,
40311236,40BA012,5,3.58,1.415584416
40411237,40BR022,1,N/A,
40311111,40BA021,2,1.89,0.106382979
40211105,40BA061,4,3.64,0.36
40411256,40BA012,3,N/A,
40211245,40BA142,3,3.85,0.846153846
40511211,40BA052,3,1.97,1.032258065
40211133,40BA141,4,2.86,1.142857143
40211144,40BA081,2,N/A,
40211114,40BQ321,1,N/A,
40311205,40BD012,5,N/A,
40411212,40BA012,1,N/A,
40211202,40BR322,3,3.05,0.054054054
40411243,40BR472,1,N/A,
40211105,40BR242,4,3,1
40511210,40BA012,2,2.1,0.097087379
40411213,40BA012,4,N/A,
40211237,40BD032,4,2.66,1.344444444
40311230,40BR042,2,2.66,0.662921348
40511238,40BA012,5,3.02,1.978494624
40411246,40BR022,4,N/A,
40411151,40BA021,3,N/A,
40311155,40BC071,3,N/A,
40311244,40BR022,3,N/A,
40311209,40BA222,2,N/A,
40211242,40UN160,3,3,4.44E-16
40411215,40BD012,3,N/A,
40211118,40BA051,4,2.99,1.011111111
40211129,40KE011,3,3.17,0.166666667
40211108,409Z481,5,4.28,0.725
40311229,40BA122,3,3,4.44E-16
40211216,40BR072,5,4.46,0.535714286
40211144,40BQ401,1,N/A,
40311202,40BA012,2,2.35,0.35106383
40211209,40BA122,3,2.81,0.193277311
40411134,40BA061,1,N/A,
40211238,40BA012,1,2.97,1.973333333
40211108,409Z501,5,5,8.88E-16
40311110,40BA011,2,N/A,
40411140,40BA011,1,N/A,
40311106,40BA051,3,2.75,0.252747253
40311141,40BA051,1,N/A,
40511125,40BA011,1,N/A,
40211207,40B9572,4,3.83,0.173333333
40511130,40B0291,4,N/A,
40311113,40BA081,2,N/A,
40411215,40BA082,2,N/A,
40211126,40BC061,1,3.28,2.28
40311208,40BA062,4,3.18,0.818181818
40211153,40BC061,4,3.38,0.617647059
40211132,40BQ371,2,3.12,1.123809524
40211232,40BA022,1,N/A,
40411104,40BC011,2,N/A,
40211104,40BQ421,2,3.04,1.043478261
40211211,40BA132,3,2.57,0.432098765
40311202,40B8932,3,3.62,0.618421053
40311207,40B8932,4,4.06,0.055555556
40411240,40BA102,4,N/A,
40211123,40BC051,4,2.56,1.44047619
40411252,40BA102,2,N/A,
40311139,40BA011,1,2.42,1.421686747
40211241,40BA012,4,2.99,1.011363636
40311105,40BA051,1,2.2,1.2
40211103,40BA131,3,N/A,
40411122,40BA061,1,N/A,
40211226,40BR072,4,3.91,0.08974359
40211231,40BA052,1,N/A,
40411241,40BD012,4,N/A,
40211223,40BR032,4,3.72,0.28358209
40311233,40BR372,4,N/A,
40205303,40BA102,1,2.99,1.990825688
40211118,40B9662,5,4.26,0.739726027
40411130,409A013,1,N/A,
40211109,40B9662,4,4,8.88E-16
40312142,40BA221,3,1.41,1.589041096
40411212,40BA102,4,N/A,
40211133,40BQ321,4,3.06,0.94047619
40411205,409A013,1,N/A,
40211247,40BA122,3,2.62,0.376470588
40511255,40BA052,4,2.69,1.311827957
40211141,40BQ171,4,3.72,0.283783784
40411150,40BA061,1,N/A,
40411207,40BA222,1,N/A,
40311159,40BA011,1,N/A,
40211244,40BA132,2,1.9,0.1
40211223,40BA022,5,3.67,1.328767123
40311140,40BQ141,5,4.02,0.984615385
40311212,40BA022,1,2.32,1.318181818
40211113,40BQ021,1,1.61,0.611111111
40311116,40BA011,2,3.52,1.518072289
40411111,40BC071,1,N/A,
40311140,40BC021,5,4.06,0.941176471
40211216,40BR322,5,3.72,1.282051282
40211228,40BA102,4,3.46,0.538461538
40311240,40BA052,1,N/A,
40411251,40BA012,1,N/A,
40211206,40BA052,3,2.8,0.195121951
40311155,40BA221,2,N/A,
40311224,40BR022,1,N/A,
40411213,40B0292,4,N/A,
40211267,40BA152,3,N/A,
40311213,40BA012,1,N/A,
40211103,40BA011,1,N/A,
40211121,40BA141,3,2.96,0.038461538
40411236,40BA222,4,N/A,
40211223,40BR042,4,3.48,0.520547945
40411244,40BD012,4,N/A,
40211259,40BA082,1,2.51,1.507692308
40311134,40BA061,1,2.64,1.637362637
40211151,40PQ041,4,4.22,0.21875
40511111,40BA051,1,N/A,
40411225,40BA052,2,N/A,
40211224,40BD052,1,N/A,
40211236,40BA052,1,N/A,
40211163,40BC061,1,N/A,
40511202,40B0292,5,4.2,0.797468354
40411246,40BA102,3,N/A,
40211117,40BQ171,1,N/A,
40311146,40BQ311,1,2.4,1.402597403
40411146,40BC011,2,N/A,
40311104,40BA221,1,1.79,0.788732394
40311202,40BA122,4,2.94,1.063829787
40211216,409Z501,5,5,8.88E-16
40211103,40BC051,2,N/A,
40411238,40BA102,4,N/A,
40311131,40BA141,1,2.27,1.265822785
40211244,40BR372,4,2.92,1.077777778
40311243,40BR072,4,4.1,0.096385542
40211220,40BA152,4,3.27,0.728070175
40311140,40BC011,2,2.26,0.264705882
40411209,40BR022,2,N/A,
40311219,40BR022,3,N/A,
40311139,40BA131,1,2.37,1.369047619
40211132,40KN633,4,3.5,0.5
40211147,40BQ321,2,N/A,
40411241,40BA022,1,N/A,
40211223,40BA092,5,4.37,0.626865672
40411127,40BQ031,5,N/A,
40411159,40BQ031,3,N/A,
40411221,40BR472,5,N/A,
40211242,40BA092,5,4.24,0.76056338
40411105,40BA051,3,N/A,
40211112,40BA091,1,1.57,0.571428571
40211165,40BA151,3,3.44,0.438356164
40311157,40BC021,4,3.65,0.353658537
40311211,40K0051,2,1.75,0.25
40411101,40BR472,4,N/A,
40411258,40BA082,3,N/A,
40211115,40BA131,2,N/A,
40411244,40BA102,3,N/A,
40211123,40BA091,2,1.43,0.571428571
40211219,40BA012,4,2.52,1.482352941
40311260,40BD012,4,N/A,
40211141,40BQ021,4,3.22,0.780821918
40211132,40BC051,1,2.3,1.3
40211252,40BA082,3,3.56,0.555555556
40411115,40BA061,1,N/A,
40211136,40BA021,5,3.54,1.463768116
40211213,40BR222,4,3.19,0.808988764
40211208,40BA221,2,N/A,
40211225,40BR122,5,4.81,0.1875
40311108,40BA121,1,2.8,1.795918367
40211252,409D021,3,2.8,0.195121951
40211248,40BA062,2,3.07,1.071428571
40311204,40BA082,5,N/A,
40211263,40BA132,2,2.67,0.666666667
40311212,40BA132,2,2.32,0.318181818
40211225,40BA142,4,3.92,0.075
40211209,40BA012,1,2.6,1.603305785
40211207,40BR072,5,4.44,0.55952381
40211215,40BR032,1,N/A,
40311135,40BA051,3,3.12,0.121212121
40311212,40BA012,1,2.2,1.202247191
40411258,40BD012,4,N/A,
40211157,40BA091,1,N/A,
40320326,40BC011,1,1.96,0.960526316
40211156,40BA101,3,2.91,0.08974359
40211224,40BA142,3,N/A,
40311113,40B0291,1,N/A,
40311224,40BA062,1,N/A,
40311230,40BR372,3,2.83,0.170454545
40411257,40B0292,4,N/A,
40411167,40BA221,2,N/A,
40211141,40B9651,4,3.73,0.271186441
40211229,433A021,1,1.12,0.12
40311208,40BR072,3,4,1
40211135,40BA081,2,N/A,
40311214,40BA022,1,1.97,0.97
40411164,40BC011,1,N/A,
40211103,40B0291,2,N/A,
40211220,40BA102,5,2.88,2.122807018
40411217,40BD012,5,N/A,
40311210,409A011,1,2.04,1.041666667
40211203,40BD012,5,3.62,1.375
40211136,40BA151,4,3.93,0.074626866
40211115,40BA081,2,N/A,
40411215,40BA222,3,N/A,
40211246,40BA092,5,3.56,1.43697479
40311123,40BQ031,2,1.72,0.277777778
40411117,40BA101,1,N/A,
40411101,40BA102,3,N/A,
40311206,40BA122,2,N/A,
40411160,40BA021,3,N/A,
40211109,40BQ371,4,3.74,0.258823529
40211139,40BA091,1,N/A,
40311173,40BQ341,4,4.16,0.162790698
40411148,40BA061,5,N/A,
40211164,40BA121,3,2.95,0.052083333
40311232,40BA222,2,N/A,
40311122,40BQ031,2,2.13,0.132352941
40211146,40B0291,2,3.3,1.301204819
40511235,40BA012,1,2.33,1.325301205
40211207,40BA082,3,3.7,0.702380952
40320310,40BC021,3,3.54,0.544444444
40411254,40BA082,3,N/A,
40211230,40BD012,3,2.98,0.019417476
40511219,40BA012,1,N/A,
40211224,40BR122,2,N/A,
40211249,40BR222,5,4,1
40311129,40BA051,1,2.44,1.441558442
40311142,40BA051,1,N/A,
40311237,40BA132,1,N/A,
40211146,40UN080,2,3.1,1.102564103
40211257,40BA082,3,3.31,0.314606742
40211136,40BA081,4,3.72,0.275362319
40211246,40BR372,4,2.82,1.177419355
40311233,40BQ512,4,N/A,
40511205,40BA012,5,2.82,2.182795699
40311207,40BR072,3,3.8,0.802469136
40311130,40BA221,1,1.82,0.82278481
40311105,40BA221,1,1.57,0.568181818
40211256,40BA082,4,3.62,0.376470588
40211141,40BA121,4,2.44,1.558139535
40211122,40BC061,3,3.62,0.617647059
40312142,40BA061,1,3.48,2.481481481
40411117,40BA081,1,N/A,
40511138,40B0291,3,N/A,
40111230,40BA142,1,N/A,
40311259,40BA132,4,N/A,
40211146,40BQ321,3,3.39,0.390243902
40211102,40BA131,5,3.36,1.641975309
40311137,40BA051,3,2.55,0.445652174
40311123,40BQ321,2,3.19,1.19047619
40311131,40BC051,3,3.1,0.101265823
40211230,40BA132,3,2.68,0.32038835
40311255,40BA052,2,N/A,
40411118,40BA021,1,N/A,
40411211,40BR472,1,N/A,
40211134,40IN662,3,3.29,0.285714286
40311132,40BQ331,1,N/A,
40211223,40BA052,5,3.55,1.45
40211135,40B0291,3,N/A,
40311111,40BC021,4,3.06,0.936842105
40511151,40BA011,3,N/A,
40211242,40BA122,5,3.18,1.825
40411213,40BA102,4,N/A,
40211116,40BQ331,3,2.88,0.119047619
40311157,40BC071,5,3.36,1.6375
40211129,40BA131,5,3.54,1.460526316
40311134,40BA021,1,2.38,1.384615385
40211115,40BQ331,1,N/A,
40211208,40BA012,1,N/A,
40311119,40BA061,2,2.51,0.506024096
40511233,40B0292,4,3.98,0.024390244
40211217,40BR242,4,3.07,0.926470588
40211249,40BD052,3,3,8.88E-16
40411256,40BA222,3,N/A,
40211217,40BA082,3,3.33,0.333333333
40211209,40BR372,4,2.9,1.097560976
40311237,40BA082,4,N/A,
40311122,40BA021,4,3.04,0.961538462
40211137,40BA101,2,2.34,0.340909091
40211141,40BA021,5,3.21,1.788235294
40311138,40BC011,1,1.34,0.340425532
40411237,40BA022,1,N/A,
40411127,40BA021,2,N/A,
40211151,40UN070,4,4.36,0.361702128
40211237,40BA132,1,2.19,1.188888889
40311118,40BC011,3,1.64,1.3625
40211129,40KA393,5,4.42,0.583333333
40311137,40BC071,4,3.25,0.75
40211126,40BA121,3,2.77,0.231707317
40511201,40B0292,5,3.84,1.159574468
40311260,40BA021,2,N/A,
40311266,40BQ512,3,N/A,
40211106,40BQ391,4,3.69,0.313253012
40211219,40BA022,4,2.2,1.802469136
40411114,40BA051,3,N/A,
40411225,40B0292,4,N/A,
40211125,40BQ391,4,3.2,0.795454545
40511225,40BA052,4,2.43,1.565217391
40211147,40BA121,1,N/A,
40311258,40BR042,5,3.28,1.721649485
40411210,40B0292,4,N/A,
40211241,40BA092,4,3.98,0.024390244
40211242,40BA012,4,3.02,0.975609756
40311254,40BA012,3,N/A,
40411151,40BC071,4,N/A,
40311216,40BA102,3,3.28,0.282828283
40211134,40BQ021,3,2.7,0.297297297
40311111,40BA101,2,2.36,0.364583333
40211165,40BA131,2,2.88,0.875
40311226,40BD012,4,2.87,1.126315789
40211138,40BA151,5,3.72,1.283950617
40411152,40BA021,2,N/A,
40211215,40BR042,1,N/A,
40411258,40BR022,3,N/A,
40511252,40B0292,2,3.17,1.174418605
40311216,40BR372,4,3.19,0.810526316
40211250,40BA082,4,3.42,0.577777778
40411109,40BD012,5,N/A,
40211252,40BR042,4,3.32,0.679012346
40311157,40BQ141,4,3.35,0.654320988
40411166,40BA221,3,N/A,
40311114,40BC021,4,N/A,
40211132,40BQ381,1,2.56,1.563106796
40211250,40BA122,3,2.63,0.366666667
40411147,40BQ031,4,N/A,
40311114,40BA061,4,N/A,
40211109,40BA081,2,2.32,0.32183908
40311135,40BA101,5,3.67,1.333333333
40211111,40BC021,2,2.76,0.761061947
40311159,40BA061,1,N/A,
40411141,40BA021,1,N/A,
40411248,40BA052,4,N/A,
40311157,40BA051,2,2,0
40411258,40MN111,1,N/A,
40211233,433A012,1,1.12,0.117647059
40411252,40BD012,2,N/A,
40211130,40BQ401,2,3.48,1.477272727
40211164,40BA141,5,3.06,1.9375
40211207,40BA152,4,3.66,0.341463415
40211202,40BA122,2,2.54,0.535714286
40211263,40BA152,1,2.35,1.353658537
40311123,40BA101,1,2.5,1.5
40411152,40BA221,2,N/A,
40311232,40BA082,3,N/A,
40211231,40BA062,1,N/A,
40211127,40B9651,5,3.92,1.080645161
40311211,40BR072,4,3.62,0.382716049
40211226,40BA012,5,3.21,1.794871795
40211216,40BA102,4,3.52,0.476190476
40211231,40B0292,2,N/A,
40411147,40BA021,4,N/A,
40311206,40BA102,4,N/A,
40211202,40BR222,4,3.07,0.933333333
40211106,40BQ371,4,3.89,0.108433735
40311206,40BA012,2,N/A,
40311248,40BR042,5,3.78,1.223529412
40211123,40BA061,4,3.35,0.65060241
40211211,40BA142,4,3.94,0.064102564
40311233,40BA052,5,N/A,
40411228,40BA012,3,N/A,
40311233,40BR022,3,N/A,
40311112,40BQ311,4,2.91,1.086419753
40511262,40B0292,2,N/A,
40211103,40BA101,1,N/A,
40311208,40BR022,3,3.17,0.166666667
40411244,40BA082,3,N/A,
40411157,40B0291,3,N/A,
40411125,40BA051,1,N/A,
40211116,40BC011,2,1.82,0.184782609
40311104,40BA011,1,2.7,1.698630137
40511128,40BA051,1,N/A,
40211235,40BA062,2,2.64,0.64
40511104,40BA051,4,N/A,
40411126,40BA061,1,N/A,
40211106,40BC011,1,1.95,0.952380952
40211238,40BD032,3,3.1,0.098591549
40211139,40BA131,4,N/A,
40211161,409A023,1,N/A,
40411130,40BA061,1,N/A,
40411238,40BD012,4,N/A,
40311255,40BA012,2,N/A,
40411222,40BA012,1,N/A,
40311120,40B0291,3,2.49,0.505050505
40211244,40B9662,3,3.93,0.928571429
40311208,40BA122,3,3.05,0.045454545
40211250,40BA132,2,2.8,0.8
40311117,40BC011,2,1.83,0.166666667
40211245,40BD032,3,3,4.44E-16
40311245,40BR372,2,N/A,
40411104,40BA051,3,N/A,
40211250,40BR032,4,3.55,0.448275862
40211102,40BQ021,5,3.14,1.855263158
40311236,40BA022,4,2.97,1.028169014
40411101,409A013,1,N/A,
40511259,40B0292,4,3.41,0.593023256
40511112,40BA051,1,N/A,
40211222,40BR072,5,3.99,1.010752688
40311129,40BA021,1,2.68,1.683544304
40411220,40BR472,3,N/A,
40211113,40KT142,4,4.53,0.531914894
40511218,40BA052,4,3.68,0.315068493
40211113,40BQ371,4,3.37,0.630434783
40311235,40BD032,2,N/A,
40511252,40BA052,3,2.36,0.639534884
40211108,409Z491,5,4.51,0.4875
40411229,40BA052,3,N/A,
40311116,40BQ321,3,3.63,0.626506024
40411248,40BA062,4,N/A,
40411148,40BC071,5,N/A,
40211107,40BA151,3,3.46,0.4625
40211246,40B9561,4,4,0
40211248,40BR372,3,3.12,0.119047619
40211228,40RR072,2,3,1
40311105,40BQ031,1,1.81,0.810126582
40211153,40BC011,2,1.92,0.083333333
40511122,40B0291,2,N/A,
40211202,40BR032,2,2.83,0.826666667
40311132,40BA131,2,N/A,
40311120,40BA141,3,2.17,0.83
40311129,40BA061,2,3.03,1.025974026
40311104,40BQ331,3,2.66,0.338028169
40311162,40BA061,1,N/A,
40205303,40BR042,1,2.76,1.76146789
40311104,40BA061,2,3.08,1.082191781
40211162,40BC011,3,2.13,0.872093023
40411153,40B0291,4,N/A,
40411159,40BA061,3,N/A,
40311245,40BA052,2,N/A,
40211164,40BQ371,4,3.94,0.058823529
40311115,40BA051,1,N/A,
40411110,40BA051,2,N/A,
40311202,40BA052,5,2.62,2.375
40411166,40BQ311,2,N/A,
40311161,40BC011,2,N/A,
40311253,40BR372,4,N/A,
40211216,40BD052,5,3.45,1.55
40411219,40BA222,4,N/A,
40411214,40BA082,3,N/A,
40311104,40BQ341,3,4,1
40211101,40BA141,5,3.12,1.882352941
40411126,40BA021,2,N/A,
40311257,40B8932,5,3.93,1.066666667
40311108,40BQ331,3,2.84,0.16091954
40211103,40BA051,4,N/A,
40211215,40BA012,1,N/A,
40211103,40BA061,4,N/A,
40411127,40BA012,1,N/A,
40411130,40BR472,3,N/A,
40211118,40BA011,3,2.33,0.666666667
40311207,40BR372,5,3.67,1.333333333
40211129,40BA021,4,3.63,0.373333333
40211244,40BA012,3,2.74,0.255319149
40511226,40BA052,3,2.37,0.629213483
40311169,40BC011,1,N/A,
40411105,40BC071,4,N/A,
40411113,40BC071,5,N/A,
40411111,40BA051,3,N/A,
40311120,40BQ141,4,3.41,0.591836735
40511142,40BA011,3,N/A,
40211101,40BC051,3,2.6,0.397058824
40411253,40B0292,3,N/A,
40511258,40BA052,2,2.44,0.44
40311245,40BR042,3,N/A,
40311146,40BQ331,1,2.18,1.180555556
40211257,40BR032,1,2.9,1.897435897
40411133,40BC071,1,N/A,
40411236,40BD012,4,N/A,
40411233,40BQ311,3,N/A,
40211209,40BA221,1,1.53,0.533333333
40211127,40BA021,3,2.67,0.329113924
40311221,40BQ512,3,3.04,0.041666667
40211206,409Z501,5,5,1.78E-15
40211109,40BA121,2,3.1,1.103448276
40211162,40BC051,3,2.45,0.546511628
40211204,40BA052,1,N/A,
40411138,40BA081,1,N/A,
40211230,40BA012,4,2.47,1.533333333
40511219,40B0292,1,N/A,
40320326,40BA131,3,3.09,0.092105263
40211242,40BR082,5,4.21,0.788732394
40211136,40BA121,4,3.13,0.873239437
40211121,40BQ021,2,2.71,0.708333333
40311210,40BR072,3,3.36,0.357894737
40311138,40BA221,1,1.76,0.75862069
40211259,409D021,2,2.44,0.441176471
40311256,40BA082,4,3.6,0.397435897
40211122,40BQ171,4,3.28,0.71641791
40211150,40BA091,1,1.08,0.083333333
40311155,40BQ321,3,N/A,
40411259,40BA012,1,N/A,
40411110,40BC011,1,N/A,
40211235,40BD032,4,3.29,0.712871287
40211123,40BA051,3,2.37,0.630952381
40211256,40BR032,5,4.02,0.975609756
40211219,40B0292,4,3.3,0.702380952
40511117,40B0291,4,N/A,
40211117,40BC061,3,N/A,
40211257,40BD012,3,3.01,0.011235955
40211249,40BA062,3,2.02,0.975609756
40111256,40BR222,1,3.05,2.051282051
40211161,40BC021,4,N/A,
40211101,40BA091,4,2.44,1.5625
40211255,433A012,1,N/A,
40311242,40B0292,2,N/A,
40311157,40BA101,5,2.59,2.414634146
40205303,433A021,1,1.11,0.111111111
40511224,40BA052,2,2.68,0.681818182
40211247,40BA142,4,3.93,0.074074074
40211252,40BA152,3,2.88,0.12
40311153,40BQ311,3,3.08,0.079545455
40311260,40B8932,5,N/A,
40511105,40BA011,3,N/A,
40211129,40IN041,5,5,0
40511141,40B0291,4,N/A,
40211133,40BQ371,4,4.26,0.263157895
40211215,40BR322,2,N/A,
40211234,40BR322,4,3.93,0.068965517
40320310,40BA131,2,2.62,0.622222222
40311130,40BC051,3,2.8,0.202380952
40211152,40BA011,1,N/A,
40311231,40BR042,4,3.1,0.903614458
40211243,40B0292,2,N/A,
40411244,40BA222,3,N/A,
40211110,40UN120,5,5,0
40411128,40BA051,3,N/A,
40311137,40BA121,4,3.05,0.945652174
40211257,40BR242,1,2.34,1.342465753
40411127,40B0291,5,N/A,
40311134,40BC071,2,3.26,1.255813953
40411141,40BQ031,1,N/A,
40211238,433A012,2,1.88,0.117647059
40311152,40BA081,4,N/A,
40211123,40BA081,4,2.98,1.024096386
40211112,40BA061,4,3.24,0.76146789
40411251,40BA222,3,N/A,
40211247,40BA132,2,2.91,0.905882353
40311241,40BA052,1,N/A,
40311133,40BQ141,5,3.72,1.277108434
40211232,40B0292,1,N/A,
40211201,40BA012,2,2.07,0.073170732
40411222,40BR472,3,N/A,
40211110,40B0291,2,2.69,0.689655172
40211249,40BA132,3,3.09,0.085365854
40211147,40BQ031,1,N/A,
40411258,40BR472,3,N/A,
40311119,40BA121,2,2.91,0.905882353
40211256,40BA092,5,4.33,0.670731707
40211109,40BC061,4,3.24,0.75862069
40311253,40BD012,3,N/A,
40311106,40BA141,2,2.85,0.849462366
40411134,40BA081,2,N/A,
40211209,40BD012,3,2.91,0.092436975
40311130,40BA081,2,3.3,1.301204819
40311221,40BR372,2,3.7,1.697368421
40311140,40BA081,4,3.75,0.25
40211246,40BR222,5,3.89,1.109090909
40211139,40BQ371,4,N/A,
40211113,40BC011,2,2.18,0.178947368
40311153,40BA081,4,2.88,1.119565217
40211105,40BA021,2,2.77,0.773333333
40211153,40BA121,3,3.26,0.263888889
40311230,40BA222,2,2.68,0.682926829
40311229,40BA022,3,3.36,0.357142857
40211239,40BA132,1,N/A,
40411219,40BR472,4,N/A,
40211137,40BA131,3,2.99,0.011363636
40211108,40BA091,2,2.16,0.156626506
40211263,40BD052,1,2.07,1.073170732
40327247,40BA021,1,N/A,
40320326,40BC021,5,4.24,0.763157895
40211118,40BA151,5,3.72,1.284090909
40211128,40B0291,2,N/A,
40211217,40BR322,4,3.52,0.47826087
40211133,40BA051,3,2.78,0.21686747
40311253,40BA102,3,N/A,
40411160,40BC071,1,N/A,
40211115,40BQ371,1,N/A,
40211229,40BR342,4,3.82,0.182926829
40311245,40B8932,3,N/A,
40333126,40BQ311,1,N/A,
40211241,40BR072,5,4.38,0.623529412
40211229,40BA122,1,2.26,1.257731959
40411124,40BA101,1,N/A,
40311113,40BA061,1,N/A,
40211205,40BD052,3,2.65,0.353658537
40211146,40BQ381,3,3.11,0.114285714
40211201,40BR372,2,2.82,0.822580645
40411230,40BD012,4,N/A,
40211216,40BA082,4,3.8,0.202380952
40511217,40BA052,2,3.18,1.184782609
40311107,40BA121,4,3.18,0.825
40311135,40BQ311,3,2.58,0.416666667
40211121,40BQ371,3,3.66,0.657534247
40411215,40BA102,4,N/A,
40511210,40B0292,4,3.43,0.568627451
40211158,40BA022,2,2.55,0.545454545
40311104,40BC071,4,3.46,0.536231884
40311215,40BR072,4,N/A,
40411101,40BQ031,5,N/A,
40411240,40BA222,1,N/A,
40311143,40BA011,1,N/A,
40211255,433A021,2,N/A,
40211225,40BR222,3,3.46,0.4625
40211226,40B9572,4,3.83,0.169230769
40311249,40BR372,4,3.76,0.238095238
40311204,40BA222,4,N/A,
40211115,40BQ321,1,N/A,
40211201,409Q072,4,4,0
40211201,430R063,4,4.21,0.210526316
40211126,40BA021,2,2.46,0.455696203
40211113,40BA021,2,2.2,0.2
40211213,40BR322,3,2.9,0.095238095
40411242,40BD012,3,N/A,
40311216,40BR072,3,3.66,0.659793814
40211102,40BA121,3,3.07,0.074074074
40311160,40BA021,1,N/A,
40411128,40BQ311,2,N/A,
40311121,40BQ031,1,1.54,0.538461538
40311202,40BA132,4,3.11,0.893617021
40311229,40BR372,4,4.01,0.011764706
40211230,40BD052,4,2.74,1.262135922
40411149,40BA011,5,N/A,
40211237,40BD052,2,2.51,0.512195122
40211226,40BA052,4,2.74,1.256410256
40311113,40BC071,1,N/A,
40211109,40BQ331,1,1.9,0.903614458
40211245,40B0292,2,2.94,0.9375
40211222,40BA142,4,3.9,0.098901099
40411220,40BD012,2,N/A,
40311173,40BA141,1,2.31,1.311827957
40311243,40BA132,5,3.83,1.168674699
40211209,40BA022,1,2.61,1.611570248
40211208,40BR042,1,N/A,
40211208,40BR322,1,N/A,
40311224,40BA052,1,N/A,
40211117,409Z491,4,N/A,
40211234,433A011,2,2,0
40211267,433A021,2,N/A,
40411148,40BA051,5,N/A,
40511205,40B0292,5,3.94,1.064516129
40211209,433A021,1,1.12,0.121621622
40211213,40BD032,4,2.79,1.208791209
40211166,40BC051,1,N/A,
40411202,40BA012,1,N/A,
40211230,40BR372,4,3.11,0.885714286
40211119,40BQ141,3,N/A,
40311202,40BR372,5,3,2
40311128,40BC051,4,2.44,1.556818182
40511139,40BA051,1,N/A,
40411114,40B0291,2,N/A,
40211104,40BQ021,3,3.4,0.397260274
40311216,40B0292,3,3.28,0.28
40211107,40BQ141,1,2.73,1.726190476
40511222,40BA052,4,3.08,0.924731183
40311133,40BA051,3,2.82,0.176470588
40211120,40BA051,1,N/A,
40511231,40B0292,1,N/A,
40211214,40BR072,2,3.45,1.448275862
40211224,40BA122,2,N/A,
40211147,40B0291,1,N/A,
40211234,40BR222,5,4.59,0.413793103
40411102,40BQ311,3,N/A,
40211141,40BC051,2,2.46,0.458823529
40205303,40BA152,1,2.89,1.888888889
40311216,40B8932,3,3.64,0.635294118
40211148,40UN050,3,3.25,0.25
40311129,40BA121,2,3.24,1.240506329
40211266,40BA221,1,N/A,
40211211,40B9561,4,4,0
40211142,40BA051,3,N/A,
40211161,40BC051,2,N/A,
40311122,40BQ331,3,3.08,0.083333333
40411109,40BR472,3,N/A,
40211238,40BA142,4,4.15,0.151515152
40511102,40B0291,5,N/A,
40311138,40B0291,4,2.96,1.043010753
40211263,40BR242,1,2.19,1.192771084
40211232,40BA092,4,N/A,
40211246,40BR032,4,3.41,0.58974359
40311123,40BA051,1,2.37,1.372093023
40211156,40BA011,5,2.82,2.181818182
40211165,40BQ141,2,2.9,0.898734177
40211201,4069432,2,2.83,0.827586207
40211245,40BR242,2,2.94,0.942528736
40211208,40BR242,2,N/A,
40211151,40BQ021,5,3.95,1.048387097
40311236,40BQ512,4,3.53,0.474576271
40511218,40BA012,3,3.86,0.863013699
40411261,409A013,4,N/A,
40311226,40BA082,4,3.44,0.557894737
40311132,40BQ031,3,N/A,
40411264,40BD012,2,N/A,
40211213,40BR072,4,3.91,0.087912088
40411152,40BA081,1,N/A,
40211256,40BR372,4,3.99,0.012048193
40211262,40BR372,4,N/A,
40211162,40BA021,2,2.51,0.511627907
40511244,40B0292,4,3.06,0.9375
40311253,40B8932,2,N/A,
40211238,40BA092,2,3.62,1.621212121
40311247,40BA082,4,3.83,0.173913043
40211132,40BA101,1,1.92,0.918181818
40311208,40BA012,4,3.75,0.253521127
40211216,40BR042,3,3.17,0.166666667
40311157,40BA221,4,1.9,2.098765432
40211223,40BA102,5,3.7,1.301369863
40311204,40BA122,3,N/A,
40311123,40BA221,1,1.66,0.662790698
40311227,40B8932,3,N/A,
40311108,40BC071,3,3.4,0.404494382
40211206,40BR342,3,3.47,0.469135802
40311122,40BC071,3,3.07,0.068493151
40211111,40BA081,2,2.36,0.361111111
40511206,40B0292,5,4.17,0.825581395
40311155,40BA051,3,N/A,
40311131,40BA061,1,3.1,2.102564103
40411222,40B0292,4,N/A,
40311140,40BC051,4,3.57,0.426470588
40311133,40BC051,3,3.34,0.341176471
40411202,40B0292,4,N/A,
40411207,40BD012,1,N/A,
40211118,40BA101,4,2.18,1.822222222
40411149,40B0291,5,N/A,
40211111,40BA091,1,1.61,0.607476636
40211126,40BA081,4,3.53,0.46835443
40211126,40BQ021,4,3.07,0.929577465
40411234,40BA022,1,N/A,
40211150,40BA021,3,3.07,0.068493151
40211137,40BQ051,1,2.75,1.75
40211237,40BA122,1,2.2,1.2
40511156,40B0291,5,N/A,
40211150,40BQ051,4,3.41,0.591549296
40211225,40BR072,4,3.83,0.168674699
40311248,40BQ512,4,3.49,0.5125
40211117,40BA011,1,N/A,
40311143,40BA081,3,N/A,
40311133,40BA131,2,3.34,1.341176471
40211108,40BQ141,4,3.54,0.458823529
40211154,40BC051,2,2.63,0.625
40320326,40BA061,1,2.63,1.631578947
40311105,40BC051,2,2.57,0.571428571
40311132,40BQ341,4,N/A,
40211248,40BD052,4,3.01,0.987951807
40211127,40BQ371,4,3.93,0.067567568
40411212,40BA052,1,N/A,
40211252,409Z501,5,5,8.88E-16
40211165,40BA011,5,3.51,1.493670886
40411209,40BA012,1,N/A,
40411209,40BR472,3,N/A,
40311115,40BA011,1,N/A,
40211102,40BA051,3,3.09,0.086419753
40411220,40BA222,4,N/A,
40211104,40BA061,5,2.82,2.180722892
40411211,40BA022,3,N/A,
40211248,40BA132,2,3.02,1.023809524
40311133,40BA081,3,3.16,0.164705882
40311204,40BD012,5,N/A,
40311122,40BC011,1,1.65,0.64556962
40211102,409D021,4,3.11,0.888888889
40211147,40BC071,1,N/A,
40411161,40BA021,3,N/A,
40211214,40B0292,2,3.34,1.340659341
40211206,40BR372,4,3.82,0.182926829
40311241,40BD032,1,N/A,
40211131,40BA021,1,N/A,
40211141,40BA061,5,2.77,2.226190476
40411102,40B0291,5,N/A,
40311258,40BA082,5,3.48,1.520833333
40411129,40BC071,1,N/A,
40411255,40BA082,4,N/A,
40211230,40BA122,4,2.83,1.174757282
40211141,40BQ371,5,3.97,1.026315789
40411151,40BA051,5,N/A,
40411105,40BA011,1,N/A,
40311204,40BR072,4,N/A,
40211239,40BA092,1,N/A,
40311227,40BA021,2,N/A,
40411127,40BC011,2,N/A,
40311202,40BA062,3,3,4.44E-16
40311218,40BD032,1,2.48,1.477777778
40211132,40BA021,1,1.74,0.740384615
40211226,40BA142,4,4.25,0.25
40211238,40BA122,2,2.62,0.61971831
40311105,40B0291,3,3.28,0.277777778
