split,Method,restart_probability_c,temperature,runtime_seconds,MAE,RMSE,Rating_Rows,Missing_Predictions,Fallback_Predictions,Cold_User_Rows,Cold_Item_Rows,Ranking_Eligible_Users,Precision@5,Recall@5,NDCG@5,HitRate@5,Precision@10,Recall@10,NDCG@10,HitRate@10,degenerate_minmax_users_all,degenerate_minmax_users_evaluated,rating_rows_using_degenerate_3,shared_evaluator_fallback_rows,mean_iterations,max_iterations,unconverged_users
validation,RWR_Binary,0.1,,3.11961636133492,2.043170460081551,2.44154760154942,600.0,0.0,0.0,0.0,0.0,170.0,0.16705882352941176,0.7088235294117647,0.5807517416430856,0.7647058823529411,0.10647058823529412,0.8823529411764706,0.6415518220095138,0.9176470588235294,0,0,0,0,157.0,157,0
validation,RWR_Binary,0.2,,2.287968782708049,2.068296992016988,2.466451955928075,600.0,0.0,0.0,0.0,0.0,170.0,0.17294117647058824,0.7294117647058823,0.585245860931038,0.788235294117647,0.10705882352941176,0.888235294117647,0.6420500478110871,0.9235294117647059,0,0,0,0,74.0,74,0
validation,RWR_Binary,0.3,,2.04881196282804,2.08693832720251,2.4829120344798037,600.0,0.0,0.0,0.0,0.0,170.0,0.18352941176470586,0.7764705882352941,0.5986746220106619,0.8294117647058824,0.10882352941176471,0.8990196078431372,0.6429775574776018,0.9294117647058824,0,0,0,0,47.0,47,0
validation,RWR_Binary,0.35,,1.9898963421583176,2.0941062849109993,2.4894127532446264,600.0,0.0,0.0,0.0,0.0,170.0,0.19058823529411767,0.7970588235294118,0.6150495834929919,0.8529411764705882,0.10882352941176471,0.8990196078431372,0.651030618917818,0.9294117647058824,0,0,0,0,39.0,39,0
validation,RWR_Binary,0.4,,1.988183556124568,2.100341328759202,2.495123820234254,600.0,0.0,0.0,0.0,0.0,170.0,0.19176470588235295,0.8,0.6168851457593695,0.8529411764705882,0.10941176470588236,0.9049019607843136,0.6536039737668524,0.9352941176470588,0,0,0,0,33.0,33,0
validation,RWR_Binary,0.5,,1.8885807320475578,2.110902491901921,2.504731213457688,600.0,0.0,0.0,0.0,0.0,170.0,0.19882352941176468,0.8294117647058824,0.6223878253978243,0.8764705882352941,0.11058823529411765,0.9107843137254901,0.6506261343507933,0.9352941176470588,0,0,0,0,24.006521739130434,25,0
validation,RWR_Binary,0.6,,1.798048371449113,2.1195121998133715,2.5126540781315416,600.0,0.0,0.0,0.0,0.0,170.0,0.2,0.8352941176470589,0.6237238466054793,0.8823529411764706,0.11117647058823528,0.9137254901960783,0.6514108664754076,0.9352941176470588,0,0,0,0,19.0,19,0
validation,RWR_Binary,0.7,,1.7702190857380629,2.127446074857143,2.519775975559678,600.0,0.0,0.0,0.0,0.0,170.0,0.20117647058823532,0.8411764705882353,0.6212354291794377,0.888235294117647,0.11176470588235295,0.9166666666666665,0.6480066707413394,0.9352941176470588,0,0,0,0,14.0,14,0
validation,RWR_Linear,0.1,,3.084117906168103,2.036098338135673,2.4284079859320684,600.0,0.0,0.0,0.0,0.0,170.0,0.17882352941176471,0.7509803921568627,0.5863768027088595,0.8117647058823529,0.10588235294117647,0.8705882352941177,0.629147373020787,0.9,0,0,0,0,157.0,157,0
validation,RWR_Linear,0.2,,2.3065822198987007,2.060187656673941,2.4493702452109463,600.0,0.0,0.0,0.0,0.0,170.0,0.18352941176470589,0.7715686274509803,0.5981855859019962,0.8294117647058824,0.10941176470588236,0.9029411764705882,0.6450890806734393,0.9294117647058824,0,0,0,0,74.0,74,0
validation,RWR_Linear,0.3,,2.035357415676117,2.075962910678411,2.4635965558486403,600.0,0.0,0.0,0.0,0.0,170.0,0.19764705882352943,0.8196078431372548,0.6114515728815647,0.8647058823529412,0.11117647058823528,0.9137254901960783,0.6442258500946448,0.9352941176470588,0,0,0,0,47.0,47,0
validation,RWR_Linear,0.35,,1.9382079765200615,2.0824045374885047,2.469394049907893,600.0,0.0,0.0,0.0,0.0,170.0,0.2,0.8313725490196078,0.6184727414136111,0.8764705882352941,0.11117647058823528,0.9137254901960783,0.6474978317226154,0.9352941176470588,0,0,0,0,39.0,39,0
validation,RWR_Linear,0.4,,1.9037848506122828,2.087905458981968,2.4744411976517617,600.0,0.0,0.0,0.0,0.0,170.0,0.20117647058823532,0.8372549019607842,0.6236707802975988,0.8823529411764706,0.11117647058823528,0.9137254901960783,0.6506525971932484,0.9352941176470588,0,0,0,0,33.0,33,0
validation,RWR_Linear,0.5,,1.832110222429037,2.097397368787722,2.4834076450183455,600.0,0.0,0.0,0.0,0.0,170.0,0.20588235294117646,0.8578431372549018,0.6384865032341103,0.9,0.11117647058823528,0.9137254901960783,0.6585140358101919,0.9352941176470588,0,0,0,0,24.008695652173913,25,0
validation,RWR_Linear,0.6,,1.7970211151987314,2.1057909910131443,2.4916042025670344,600.0,0.0,0.0,0.0,0.0,170.0,0.2070588235294118,0.8598039215686274,0.6358758683474405,0.9,0.11117647058823528,0.9137254901960783,0.6549845511529633,0.9352941176470588,0,0,0,0,18.991304347826087,19,0
validation,RWR_Linear,0.7,,1.7392678279429674,2.1139970911335713,2.4993953196428556,600.0,0.0,0.0,0.0,0.0,170.0,0.2070588235294118,0.8598039215686274,0.6389751060521658,0.9,0.11176470588235295,0.9166666666666665,0.6591263728975947,0.9352941176470588,0,0,0,0,14.0,14,0
validation,RWR_Softmax,0.1,0.3,3.141963202506304,1.9878003982243866,2.3768473186575583,600.0,0.0,0.0,0.0,0.0,170.0,0.15294117647058825,0.6411764705882353,0.4509582027889756,0.6941176470588235,0.10176470588235292,0.8519607843137254,0.5238879375574519,0.8941176470588236,0,0,0,0,159.0,159,0
validation,RWR_Softmax,0.2,0.3,2.340779623016715,1.9839448651056497,2.369667778401225,600.0,0.0,0.0,0.0,0.0,170.0,0.15647058823529414,0.6431372549019607,0.47927920976545024,0.7,0.10294117647058823,0.8578431372549018,0.5506782179384554,0.8941176470588236,0,0,0,0,75.0,75,0
validation,RWR_Softmax,0.3,0.3,2.079356137663126,1.9749272974291094,2.3595998906592297,600.0,0.0,0.0,0.0,0.0,170.0,0.15764705882352942,0.6480392156862744,0.47902491905095057,0.7058823529411765,0.09941176470588234,0.8147058823529412,0.5375967140038607,0.8529411764705882,0,0,0,0,47.0,47,0
validation,RWR_Softmax,0.35,0.3,1.976598173379898,1.9697780585286642,2.3542930267604523,600.0,0.0,0.0,0.0,0.0,170.0,0.15882352941176472,0.6509803921568627,0.4804846454138594,0.7058823529411765,0.1,0.8166666666666665,0.5380210141279818,0.8529411764705882,0,0,0,0,39.0,39,0
validation,RWR_Softmax,0.4,0.3,1.9285730831325054,1.9642575740803272,2.3487397376780375,600.0,0.0,0.0,0.0,0.0,170.0,0.15882352941176472,0.6509803921568627,0.47971283907515844,0.7058823529411765,0.10058823529411766,0.822549019607843,0.538315975773928,0.8588235294117647,0,0,0,0,33.0,33,0
validation,RWR_Softmax,0.5,0.3,1.9555985406041145,1.951792709791387,2.336726339657784,600.0,0.0,0.0,0.0,0.0,170.0,0.1552941176470588,0.6362745098039215,0.47110729919125854,0.6941176470588235,0.10176470588235295,0.8274509803921568,0.5360175160741958,0.8588235294117647,0,0,0,0,25.0,25,0
validation,RWR_Softmax,0.6,0.3,1.8109771832823753,1.9371890439519053,2.3233157540971527,600.0,0.0,0.0,0.0,0.0,170.0,0.1564705882352941,0.6431372549019607,0.4746465910121807,0.7,0.10294117647058823,0.8392156862745097,0.539603785351996,0.8705882352941177,0,0,0,0,19.0,19,0
validation,RWR_Softmax,0.7,0.3,1.739459739997983,1.9192063897724316,2.307371459409245,600.0,0.0,0.0,0.0,0.0,170.0,0.15411764705882353,0.6372549019607843,0.4711778256292208,0.6941176470588235,0.10294117647058823,0.8392156862745097,0.5383463227811899,0.8705882352941177,0,0,0,0,14.847826086956522,15,0
validation,RWR_Softmax,0.1,0.5,3.1028798278421164,1.9870842981034147,2.3719622102621467,600.0,0.0,0.0,0.0,0.0,170.0,0.16588235294117645,0.7019607843137254,0.5066255085045052,0.7647058823529411,0.10705882352941176,0.8843137254901959,0.5695214854725525,0.9176470588235294,0,0,0,0,158.0,158,0
validation,RWR_Softmax,0.2,0.5,2.2806445714086294,2.0022814653562926,2.382899491044659,600.0,0.0,0.0,0.0,0.0,170.0,0.17411764705882352,0.7264705882352941,0.5292908391529019,0.7764705882352941,0.10882352941176471,0.8980392156862744,0.5874609768761379,0.9294117647058824,0,0,0,0,75.0,75,0
validation,RWR_Softmax,0.3,0.5,2.0584882982075214,2.0110761930778525,2.3895476391852113,600.0,0.0,0.0,0.0,0.0,170.0,0.1776470588235294,0.7401960784313725,0.5396531579670875,0.788235294117647,0.10882352941176471,0.8980392156862744,0.5922491083048876,0.9294117647058824,0,0,0,0,47.0,47,0
validation,RWR_Softmax,0.35,0.5,1.9985531494021416,2.014281936336275,2.3921518719264125,600.0,0.0,0.0,0.0,0.0,170.0,0.17529411764705882,0.7225490196078431,0.5438403971186181,0.7705882352941177,0.10470588235294116,0.8539215686274509,0.5900805496886383,0.8823529411764706,0,0,0,0,39.0,39,0
validation,RWR_Softmax,0.4,0.5,1.9433160983026028,2.016923702587396,2.394389445680731,600.0,0.0,0.0,0.0,0.0,170.0,0.17764705882352944,0.734313725490196,0.5466928358179849,0.7823529411764706,0.10470588235294116,0.8539215686274509,0.5892003829398871,0.8823529411764706,0,0,0,0,33.0,33,0
validation,RWR_Softmax,0.5,0.5,1.8883806448429823,2.0201839962680017,2.3970673979301202,600.0,0.0,0.0,0.0,0.0,170.0,0.1776470588235294,0.7303921568627451,0.5453351257839558,0.7764705882352941,0.10529411764705882,0.8568627450980392,0.5897910063914477,0.8823529411764706,0,0,0,0,24.984782608695653,25,0
validation,RWR_Softmax,0.6,0.5,1.7948922887444496,2.019080053477784,2.395561824383315,600.0,0.0,0.0,0.0,0.0,170.0,0.17411764705882352,0.7127450980392156,0.5368191212937458,0.7588235294117647,0.10529411764705882,0.8568627450980392,0.5874221531316587,0.8823529411764706,0,0,0,0,19.0,19,0
validation,RWR_Softmax,0.7,0.5,1.7612033635377884,2.012029471187059,2.3883335869563074,600.0,0.0,0.0,0.0,0.0,170.0,0.17529411764705882,0.7156862745098038,0.5431732334249604,0.7588235294117647,0.10588235294117647,0.8588235294117647,0.5927841193104748,0.8823529411764706,0,0,0,0,14.167391304347825,15,0
validation,RWR_Softmax,0.1,0.8,3.180805118754506,1.9995335567501105,2.3851950553184045,600.0,0.0,0.0,0.0,0.0,170.0,0.1811764705882353,0.753921568627451,0.562868590031327,0.8,0.10588235294117647,0.8794117647058823,0.6061621478345766,0.9117647058823529,0,0,0,0,158.0,158,0
validation,RWR_Softmax,0.2,0.8,2.3748317286372185,2.0219659748492433,2.403985844294586,600.0,0.0,0.0,0.0,0.0,170.0,0.19058823529411764,0.7970588235294118,0.5841350333129037,0.8411764705882353,0.10941176470588236,0.9009803921568627,0.6205252930655399,0.9294117647058824,0,0,0,0,75.0,75,0
validation,RWR_Softmax,0.3,0.8,2.201830008998513,2.034994718087001,2.4153639128285285,600.0,0.0,0.0,0.0,0.0,170.0,0.19176470588235292,0.7950980392156862,0.5825885501990842,0.8352941176470589,0.11058823529411765,0.9098039215686274,0.6232167969403948,0.9352941176470588,0,0,0,0,47.0,47,0
validation,RWR_Softmax,0.35,0.8,2.0270129833370447,2.0400593632355246,2.419872467955671,600.0,0.0,0.0,0.0,0.0,170.0,0.19058823529411764,0.7852941176470588,0.5863208970576693,0.8235294117647058,0.11117647058823528,0.9156862745098039,0.6320445099245385,0.9411764705882353,0,0,0,0,39.0,39,0
validation,RWR_Softmax,0.4,0.8,1.9943285509943962,2.044632991014773,2.424084290853895,600.0,0.0,0.0,0.0,0.0,170.0,0.18823529411764706,0.7705882352941177,0.5814845442416898,0.8058823529411765,0.11058823529411765,0.9098039215686274,0.6298784039782069,0.9352941176470588,0,0,0,0,33.0,33,0
validation,RWR_Softmax,0.5,0.8,1.92042550817132,2.052871158390314,2.431940936292676,600.0,0.0,0.0,0.0,0.0,170.0,0.19058823529411764,0.7823529411764706,0.5916931405943276,0.8176470588235294,0.11058823529411765,0.9098039215686274,0.6335535349528894,0.9352941176470588,0,0,0,0,24.87391304347826,25,0
validation,RWR_Softmax,0.6,0.8,1.8518725000321865,2.059989435327003,2.4388412797672534,600.0,0.0,0.0,0.0,0.0,170.0,0.19176470588235292,0.784313725490196,0.5949233616647427,0.8235294117647058,0.10647058823529412,0.8686274509803921,0.6236712962702892,0.8941176470588236,0,0,0,0,19.0,19,0
validation,RWR_Softmax,0.7,0.8,1.7943192534148693,2.0641888891859352,2.4426533450976375,600.0,0.0,0.0,0.0,0.0,170.0,0.19294117647058823,0.7872549019607842,0.6011613777124705,0.8235294117647058,0.10647058823529412,0.8686274509803921,0.6287757979132655,0.8941176470588236,0,0,0,0,14.0,14,0
validation,RWR_Softmax,0.1,1.0,3.163063980638981,2.0064292031090787,2.3932248659859328,600.0,0.0,0.0,0.0,0.0,170.0,0.1811764705882353,0.7568627450980392,0.5640698791855897,0.8058823529411765,0.10588235294117647,0.8794117647058823,0.6069429752006323,0.9117647058823529,0,0,0,0,157.0,157,0
validation,RWR_Softmax,0.2,1.0,2.3892565350979567,2.0305771020264793,2.4138759986661085,600.0,0.0,0.0,0.0,0.0,170.0,0.19529411764705884,0.8176470588235294,0.6078567810263742,0.8588235294117647,0.10941176470588236,0.9039215686274509,0.6383977029689675,0.9294117647058824,0,0,0,0,75.0,75,0
validation,RWR_Softmax,0.3,1.0,2.102420361712575,2.0455702227959893,2.427399012852325,600.0,0.0,0.0,0.0,0.0,170.0,0.19647058823529412,0.8166666666666665,0.6089305822325977,0.8529411764705882,0.11117647058823531,0.9156862745098039,0.6438794576047429,0.9411764705882353,0,0,0,0,47.0,47,0
validation,RWR_Softmax,0.35,1.0,2.0294304341077805,2.0510393319943576,2.4324969193458745,600.0,0.0,0.0,0.0,0.0,170.0,0.19411764705882353,0.8049019607843136,0.5959256803188689,0.8411764705882353,0.11117647058823531,0.9156862745098039,0.635011379799141,0.9411764705882353,0,0,0,0,39.0,39,0
validation,RWR_Softmax,0.4,1.0,2.0062002930790186,2.0558143240347433,2.4369567843417284,600.0,0.0,0.0,0.0,0.0,170.0,0.19882352941176468,0.8205882352941176,0.6084248802779615,0.8588235294117647,0.11117647058823531,0.9156862745098039,0.6416855599721132,0.9411764705882353,0,0,0,0,33.0,33,0
validation,RWR_Softmax,0.5,1.0,1.909112712368369,2.064447105149372,2.4450539283252257,600.0,0.0,0.0,0.0,0.0,170.0,0.20117647058823532,0.8323529411764706,0.6134509709542216,0.8705882352941177,0.1123529411764706,0.9215686274509803,0.6442342165907937,0.9411764705882353,0,0,0,0,24.46086956521739,25,0
validation,RWR_Softmax,0.6,1.0,1.8508771061897278,2.0722947933153586,2.4526521289051173,600.0,0.0,0.0,0.0,0.0,170.0,0.2035294117647059,0.8372549019607842,0.6190979766510128,0.8705882352941177,0.11294117647058823,0.9274509803921568,0.649184479584017,0.9470588235294117,0,0,0,0,19.0,19,0
validation,RWR_Softmax,0.7,1.0,1.7983705066144466,2.078598125714034,2.4586985791181366,600.0,0.0,0.0,0.0,0.0,170.0,0.20470588235294115,0.8392156862745097,0.6262145912203206,0.8705882352941177,0.11294117647058823,0.9274509803921568,0.6551770306612166,0.9470588235294117,0,0,0,0,14.0,14,0
validation,RWR_Softmax,0.1,1.5,3.1795035414397717,2.0191875647836524,2.4083144988465763,600.0,0.0,0.0,0.0,0.0,170.0,0.1811764705882353,0.7588235294117647,0.5627092819020598,0.8117647058823529,0.10941176470588236,0.9029411764705882,0.6135769904349297,0.9294117647058824,0,0,0,0,157.0,157,0
validation,RWR_Softmax,0.2,1.5,2.3793927058577538,2.0442820738014067,2.4305572719717268,600.0,0.0,0.0,0.0,0.0,170.0,0.2,0.8313725490196078,0.6134136465265045,0.8647058823529412,0.11,0.9049019607843136,0.6394696717107167,0.9294117647058824,0,0,0,0,74.49347826086957,75,0
validation,RWR_Softmax,0.3,1.5,2.113860370591283,2.0600879176609954,2.4445510365850747,600.0,0.0,0.0,0.0,0.0,170.0,0.2035294117647059,0.8460784313725489,0.6221870799094779,0.8764705882352941,0.11176470588235295,0.9225490196078431,0.648715475744356,0.9470588235294117,0,0,0,0,47.0,47,0
validation,RWR_Softmax,0.35,1.5,2.0252123419195414,2.066301808344368,2.4502832239068524,600.0,0.0,0.0,0.0,0.0,170.0,0.2070588235294118,0.8598039215686274,0.6326041908058687,0.8941176470588236,0.11176470588235295,0.9225490196078431,0.653958617057322,0.9470588235294117,0,0,0,0,39.0,39,0
validation,RWR_Softmax,0.4,1.5,2.100224554538727,2.0717602042006735,2.455414253044918,600.0,0.0,0.0,0.0,0.0,170.0,0.20705882352941174,0.8568627450980392,0.6334929791964097,0.8941176470588236,0.1123529411764706,0.9245098039215686,0.6566745922691071,0.9470588235294117,0,0,0,0,33.0,33,0
validation,RWR_Softmax,0.5,1.5,1.8638721629977226,2.0813498179962138,2.4645878560126473,600.0,0.0,0.0,0.0,0.0,170.0,0.20705882352941174,0.8568627450980392,0.6351030122226985,0.8941176470588236,0.1123529411764706,0.9245098039215686,0.6587129374082872,0.9470588235294117,0,0,0,0,24.33478260869565,25,0
validation,RWR_Softmax,0.6,1.5,1.8012189455330372,2.0900736345036663,2.4730694502275896,600.0,0.0,0.0,0.0,0.0,170.0,0.20352941176470585,0.8392156862745097,0.627913807908884,0.8764705882352941,0.11294117647058823,0.9274509803921568,0.6590550371921049,0.9470588235294117,0,0,0,0,19.0,19,0
validation,RWR_Softmax,0.7,1.5,1.7497533895075321,2.098327319450813,2.4809653520280146,600.0,0.0,0.0,0.0,0.0,170.0,0.20352941176470585,0.8392156862745097,0.6334232962121381,0.8764705882352941,0.11294117647058823,0.9274509803921568,0.6644434748278943,0.9470588235294117,0,0,0,0,14.0,14,0
validation,RWR_Softmax,0.1,2.0,3.128651961684227,2.026180028793359,2.4175174129711436,600.0,0.0,0.0,0.0,0.0,170.0,0.1811764705882353,0.7558823529411764,0.5780616512373671,0.8117647058823529,0.10764705882352942,0.888235294117647,0.624511888439279,0.9176470588235294,0,0,0,0,157.0,157,0
validation,RWR_Softmax,0.2,2.0,2.347194330766797,2.051545865538998,2.4400213089802887,600.0,0.0,0.0,0.0,0.0,170.0,0.19647058823529412,0.8098039215686273,0.6070035014826076,0.8529411764705882,0.11,0.9088235294117647,0.641257205833354,0.9352941176470588,0,0,0,0,74.0,74,0
validation,RWR_Softmax,0.3,2.0,2.0428799241781235,2.0680314672276014,2.4547536457449937,600.0,0.0,0.0,0.0,0.0,170.0,0.20470588235294115,0.8480392156862745,0.6362850154833161,0.888235294117647,0.11058823529411765,0.9107843137254901,0.6581592539633927,0.9352941176470588,0,0,0,0,47.0,47,0
validation,RWR_Softmax,0.35,2.0,2.0060295201838017,2.0746342006003395,2.460766810650721,600.0,0.0,0.0,0.0,0.0,170.0,0.20588235294117646,0.8539215686274509,0.6317440874233088,0.8941176470588236,0.11058823529411765,0.9107843137254901,0.6521948353793722,0.9352941176470588,0,0,0,0,39.0,39,0
validation,RWR_Softmax,0.4,2.0,1.9460847806185484,2.080316450049159,2.4660289749005626,600.0,0.0,0.0,0.0,0.0,170.0,0.2070588235294118,0.8568627450980392,0.6315342128237245,0.8941176470588236,0.11117647058823528,0.9137254901960783,0.6517427951913517,0.9352941176470588,0,0,0,0,33.0,33,0
validation,RWR_Softmax,0.5,2.0,1.829801158979535,2.0900852662212976,2.4753440872541987,600.0,0.0,0.0,0.0,0.0,170.0,0.2082352941176471,0.8627450980392156,0.632191001615727,0.9,0.11176470588235295,0.9166666666666665,0.6516307417983171,0.9352941176470588,0,0,0,0,24.067391304347826,25,0
validation,RWR_Softmax,0.6,2.0,1.7838370874524117,2.0987472880812916,2.483811986046575,600.0,0.0,0.0,0.0,0.0,170.0,0.20941176470588233,0.8686274509803921,0.6357687254724381,0.9058823529411765,0.11176470588235295,0.9166666666666665,0.6532449547058891,0.9352941176470588,0,0,0,0,18.995652173913044,19,0
validation,RWR_Softmax,0.7,2.0,1.76295124925673,2.107285495725838,2.4919223464532427,600.0,0.0,0.0,0.0,0.0,170.0,0.20941176470588233,0.8686274509803921,0.6370111311455162,0.9058823529411765,0.11235294117647057,0.9225490196078431,0.6563133972939263,0.9411764705882353,0,0,0,0,14.0,14,0
test,RWR_Binary,0.1,,,,,,,,,,,,,,,,,,,0,0,0,0,157.0,157,0
test,RWR_Linear,0.1,,,,,,,,,,,,,,,,,,,0,0,0,0,157.0,157,0
test,RWR_Softmax,0.7,0.3,,,,,,,,,,,,,,,,,,0,0,0,0,14.847826086956522,15,0
